Accuracy,BPM,Difficulty,Length,Title
8.6,127.45,4.863536834714285,31,Ooame
7.5,116.0,4.144246101378571,479,Ec Tisia
8.399999999999999,142.0,4.477020740507142,29,Harumachi Clover
8.7,114.0,5.653677940371428,134,Infinity of Our Love
7.5,38.0,4.325656890871429,332,Koi wo Shita no wa
8.0,135.0,5.013247489928571,137,saika in Another Style
8.0,160.0,4.529636859892857,93,Don Coi
9.0,175.0,5.689795017242857,115,Avalanche
8.0,135.0,5.043506622314285,100,Shen De Sui Bo Zhu Liu
8.0,170.0,4.6152081489571435,77,Great Days
9.0,170.0,5.805850028992857,331,Liar Liar (Wasteland Monarchy)
8.6,176.0,5.3161444664,215,AIWAGUMA
8.0,172.0,5.456321716307143,112,Beautiful Angel
8.0,83.25,5.020256042478572,116,Mythic set ~ Heart-Stirring Urban Legends
9.0,180.0,5.677454471585714,89,Kira Kira datoka Yume datoka ~Sing Girls~ (TV Size)
8.7,165.0,4.645666122435714,369,Tou no Shita no Exercitus
8.399999999999999,174.0,5.853734016421428,360,The Pretender
8.0,140.0,5.071048259735714,126,Infinite
9.299999999999999,270.0,6.012149810792857,319,Remind
8.2,177.0,4.585186004635713,123,Pulsation
9.0,131.0,6.203279972078571,205,Gokuraku Jodo
8.2,178.0,5.000423431399999,95,Million Smile
7.0,98.0,2.9968297481571424,151,Equestria Girls
8.5,110.0,5.618244647978571,421,Paper Moon
9.0,227.0,5.969432830807142,73,Sendan Life
3.5,76.0,1.0633175373071428,29,And You Disappeared
9.0,135.33,6.032718658449999,193,Groundhog (Beat Juggle)
8.0,162.0,4.661841392514285,194,SPiCa
6.0,110.0,3.019067287442857,85,Shinkai Shoujo-piano ver.-
7.0,140.0,3.825331449507143,356,Lost
7.0,144.0,2.9851400852214285,321,Yuki No Seireitachi
7.699999999999999,126.0,3.52492547035,185,Heart Attack
8.0,110.0,5.74352693557857,219,Not Today
8.2,175.0,4.613098144528571,86,Mizuiro Stage
7.3999999999999995,125.0,3.816329956057143,37,Kondomvaruhuset.se
8.0,91.0,4.543882846835714,90,Taiyou to Himawari
9.0,170.0,6.131630420685713,105,Brain Power
8.5,128.0,4.270605564114286,72,The Queen's Justice
8.299999999999999,173.0,5.250825881957143,88,Uso - 'Hagane no Renkinjutsushi FULLMETAL ALCHEMIST' ED Ver.-
8.7,175.0,5.132572174071428,179,Natsu no Owari (Soleily Remix)
7.5,96.0,4.389484405514286,216,True Love ft. Lily Allen
8.299999999999999,181.0,5.262454032899999,86,Mirai no Bokura wa Shitteru yo
8.5,189.0,5.4016609191928575,40,Shugyou no Thema
9.0,157.0,5.420087814328571,111,AsiaN distractive
8.0,134.0,3.7531089782714284,246,Mata ne Bye Bye feat.Rika
9.0,200.0,5.497393608092857,134,LAISSEZ:FAIRE
8.5,168.0,5.5008711814857145,202,Gabriel Drop Kick
8.0,182.0,5.287624835971428,86,clever -TV MIX-
8.0,180.0,4.8288130760214285,159,Like A Man
8.5,174.0,4.650121688842856,85,Sparkling * Traveler
8.0,194.0,5.699970245364286,220,Super nuko ni naritai
8.0,153.0,4.688688755035714,79,Hologram
8.0,127.0,4.731395244599999,196,Yellow
8.0,175.0,4.781013011935714,87,Ashita no Kimi sae Ireba Ii.
8.0,200.0,5.7055120468142855,106,Lilieze to Enryuu Laevateinn
9.399999999999999,188.0,6.45412397385,89,STORY (TV Size)
8.0,140.0,4.190829277035714,181,Legends Never Die (ft. Against The Current)
9.200000000000001,224.0,7.6881480217142855,233,Snow Drive(01.23)
8.0,164.0,4.714970588685714,85,Edelweiss
9.0,220.0,6.809217453,459,"Yomi yori Kikoyu, Koukoku no Tou to Honoo no Shoujo."
6.0,130.0,3.109555721285714,44,Nyanpasu Bang Bang
7.0,127.0,3.9298563003571427,221,Mirror
8.299999999999999,72.5,4.630329132078572,299,Toki Hatsuru Yume
8.6,170.0,6.989335536957142,320,Dark Steering
7.199999999999999,172.0,4.1718282699571425,94,Heart Purupuru Jiken desu
7.0,117.0,3.200907945635714,86,FLIP FLAP FLIP FLAP (TV SIZE)
8.7,182.0,5.651927948,349,Songs Compilation
8.5,141.0,6.176845073699999,183,Hello!My World!!
8.5,180.0,5.703557014464285,302,Endless cycle of rebirth & We cannot get out of here forever
8.0,168.0,4.972012996671428,87,Contrail ~Kiseki~
8.5,162.0,5.031126022335714,211,Senpai.
8.5,96.0,5.263873100278571,75,Yi Bai Kuai Dou Bu Gei Wo
8.0,89.0,5.471886157992857,209,Despacito ft. Daddy Yankee
8.5,196.0,4.783750534057143,84,Sayonara Moon Town
8.0,105.0,4.699393272399999,88,hakushu kassai utaawase
8.0,170.0,4.400854587557142,72,Umapyoi Densetsu
8.0,156.0,5.102792263028571,88,Caste Room
8.5,180.0,5.329175472257143,123,Vexaria
8.0,202.0,4.682209968564286,129,Pinocchio
8.7,198.5,6.147959709164286,88,distance (NARUTO Ver.)
8.0,175.0,4.895093441007143,87,Haruka Kanata
7.0,174.967,3.3127555847142856,105,Wind
7.5,135.0,4.202209472657143,116,Todokanai Koi
7.0,133.0,4.00185108185,123,Kaga Misaki (Jissou ver.)
9.5,218.0,5.723877906799999,100,Yuuki no Pendant
7.0,180.0,5.252717971799999,88,RAIMEI (Thunderbolt Fantasy Tourikenyuuki OP ver.)
8.5,133.0,4.278195381164285,56,Aimaimoko
8.7,175.0,5.5268907547,340,Delay Order
9.0,187.5,5.88934278487857,83,Genkai Toppa x Survivor
8.299999999999999,142.0,5.195571899414285,681,OneRoom Ending Song Anthology
8.0,181.0,4.868244171142857,88,"Don't say ""lazy"" (TV size Ver.)"
9.0,121.0,3.3836059570285713,88,Maigoinu to Ame no Beat
6.5,120.0,2.8687763214142854,69,Tranquil Yard
9.0,185.0,5.601243495942857,108,We're so Happy
8.2,174.0,5.5478262901285715,181,Zetsubou no Fuchi
9.799999999999999,200.0,7.3728814125,350,Guilty All The Same (feat. Rakim)
7.0,132.0,3.917081594464286,195,Sakura Uta
9.0,182.0,5.789126396178571,307,Yumeshoushitsu ~ Lost Dream
9.200000000000001,212.0,6.863009452821428,140,Re:End of a Dream
3.0,67.0,0.9442556500428572,99,Gei Wo Yi Ge Li You Wang Ji
9.0,180.0,5.699307441714285,122,yuima-ru*world
8.5,200.0,5.85082530975,135,LAISSEZ:FAIRE
7.8,150.0,4.3708152771,102,Miracle * Feel Free
8.0,135.0,3.782927989957143,86,Melting Point
8.799999999999999,127.7,6.139677047728571,347,Lazy Eye
8.0,148.0,4.441973686221428,85,Stella Breeze (TV Size)
8.799999999999999,173.0,6.130423545835714,66,Butsutekkai
8.0,80.0,2.3936085701,25,~DISK 1~
8.0,50.35,5.410682678221429,319,EXEC_PAJA/.#Orica extracting.
8.5,170.0,5.559908866885714,201,Gekka Jasmine (2014ver.)
8.0,180.0,6.297186374664285,110,Oriental Blossom
8.7,180.0,5.283576488492857,95,Haruoto*Veil
8.0,167.0,4.7520670890785714,61,"Life [Eris's ""a Fate Encounter"" mix]"
6.0,107.0,3.2801139354714284,237,Casi Humanos
7.8,144.0,4.92757463455,226,Ohedo Julia-Night
7.5,124.0,4.228580474849999,80,super anime groove 3d world
8.7,176.0,5.630996227264285,88,SHIORI -TV size mix-
8.0,140.0,5.121196746828571,379,Hoshikuzu no Interlude (Serji Remix)
9.5,234.0,7.068558692928571,206,Sukisuki Zecchoushou
9.0,170.0,5.869568347928571,366,Hidra Heteromycin
8.2,151.0,4.108300685885713,34,Narwhals
8.7,158.0,4.930590152742856,92,Natsukoi Hanabi
7.5,71.5,3.406836986542857,85,Hajimari no Shirushi (Anime Size)
10.0,105.0,4.6506366729714275,103,Shadow gate to love
8.299999999999999,172.0,5.223463058471428,467,Darkmist
8.0,128.0,3.8983290195499998,62,Virgin
9.0,300.0,5.687873840328572,99,Punk Rock Girl
8.7,174.0,5.792609214785714,100,Diamond
9.0,70.0,6.297163486478571,330,Gareki no Shuuon
7.5,130.0,3.8092682361571426,86,Yumeiro Compass
8.0,150.0,4.288424968721428,310,Rebirth
8.2,183.0,5.494197845457143,107,Exceed the Destiny (short ver.)
7.5,140.0,4.009259223935714,172,Wilt
7.5,76.0,3.289266586307143,86,Kimi no Uta TV ver.
7.699999999999999,144.0,4.888277053835714,101,Koi Kou Enishi
9.5,158.0,5.638356685635714,88,No Poi!
8.0,174.0,5.336957931521428,111,Fall Away
8.0,165.0,5.0970540046714286,170,Shunkan Everlasting
9.0,296.0,6.002760887142857,87,Curtain Call!!!!!
9.0,180.0,5.697318077085714,87,"Dakara, Hitori ja Nai -TV Size-"
8.0,170.0,3.8435499668142854,89,Sayonara no Yukue ~TV size~
8.0,146.0,5.000545024871428,88,DEAREST DROP (TVsize)
8.0,95.0,4.395543575285714,82,GIGA WRECKER Title Theme
8.5,175.0,5.509679317471428,209,haze
8.2,180.0,5.525255680085714,418,Huan Xiang Xiang Di Yi Tao Guang Bo Ti Cao
8.5,170.0,5.054763317107143,298,Find the blue
7.0,130.0,3.6620926857,104,Intro : Boy Meets Evil
8.0,138.0,4.819386482235714,302,Sen no Yukari
8.0,100.392,5.197512626649999,80,Suck My Kiss
7.0,130.0,3.5903511047357144,88,Precious You*
9.0,200.0,6.365035057071428,317,Tales of The Destinies
7.0,130.0,3.9264845848071426,43,SILNOYE ZAYAVLENIE (feat. Sergey Druzhko)
8.0,142.0,4.077068805692857,122,Alone
8.0,130.0,3.904860496521428,97,NIKOLAY (feat. Nikolay Sobolev)
8.299999999999999,154.0,4.559480667114285,168,Beautiful
8.0,180.0,5.006191253664285,87,Sakurane
8.0,107.95,3.9269273281071424,88,Ishukan Communication
8.5,200.0,5.401063442228571,109,Kaze no Uta
7.199999999999999,130.0,2.7802283763857143,49,Wakare no Toki
8.7,181.0,5.575526714321429,135,Hikari
9.0,164.0,5.787144184114285,96,MONSTER
9.0,120.0,5.429053306578571,98,Hanagoyomi short version
8.5,142.0,4.448518276214286,31,Harumachi Clover
8.0,195.0,4.698755741121428,147,Yubikiri
7.5,91.0,4.675467967985714,303,EXEC_VIENA/.
7.0,158.0,3.802021980285714,140,Bubblegum Bitch
6.0,193.0,5.662154674528572,301,Wonder Stella
8.0,140.0,5.1855068206785715,87,again
7.0,136.0,3.6814782619499997,105,E Zuo Ju
8.5,170.678,5.325344085692857,168,Hopes and Dreams
8.0,160.0,4.905257225035714,242,Sanagi
8.799999999999999,174.0,6.280112743378571,114,polygon
9.0,185.0,5.819098472592857,87,Anime o Katare! ~Animegatari Doukoukai no Thema~
9.200000000000001,123.0,6.998173713685714,88,Niji o Ametara (TV Size)
8.0,128.0,3.8045196533214285,99,100Nyan Power de Yumegokoti
8.0,178.0,4.657561302185714,85,ambiguous (TV Size ver.)
8.0,169.97,4.49300432205,78,The Colors Of My Life (Nightcore Mix)
7.5,90.0,2.0187602043142854,62,Friendship
9.0,174.0,6.107232093814285,321,last minute (sakuraburst remix)
8.0,156.0,4.820125103,299,Romanticide
8.0,126.911,2.6080188751214286,27,MAP4(Native Star)
7.3,107.0,3.438140869142857,178,Using You
8.5,120.0,5.695023536678571,369,NASA / I'm Down with Brown Town
6.0,66.0,3.095975637435714,30,Rebirth & Hope
8.0,93.0,5.050570011135714,308,Re:Call
9.0,90.5,5.846840381621428,299,Aphrodite
8.0,168.0,5.1495218277,105,Koujou Joujou High Jump (Short Ver.)
8.0,168.0,4.989496231078571,87,JUMPin' JUMP UP!!!!
8.5,186.0,5.381161212921429,90,Gugutto Work* (Short Ver.)
8.5,175.0,5.272242069242857,86,STEP by STEP UP
9.0,207.0,5.675170898435714,174,SELFISH
9.0,110.0,6.849790573121428,301,The World's End
9.0,165.0,5.251769542692857,88,Hitorigoto -TV MIX-
8.2,140.0,5.125894069671428,292,Edge
8.0,200.0,6.068580627442857,397,Fury of the Storm
7.5,150.0,4.15692567825,58,Bonetrousle (Underswap Version)
9.0,140.0,4.644149780271428,330,Tetsuo's Redemption
9.0,175.0,6.0519490242,105,Interlude
7.0,127.0,3.6053104400642852,86,Zenryoku Shounen produced by Okuda Tamio (anime ver.)
8.5,178.0,5.438381195071429,400,A Sugar Business
9.0,181.0,6.141904830935713,89,Ma.Ka.Se.Te Tonight ~TV SIZE EDIT
8.299999999999999,170.0,5.263086795807142,200,Reiteration
8.2,90.0,5.285983562471428,75,Freesia
9.0,219.0,6.408177375792857,164,Comet Lucifer ~The Seed and the Sower~
6.5,101.0,3.230044126507143,74,Snowdin Town
8.0,144.0,4.878780364992857,208,Wake up
8.0,110.0,4.089910030364286,249,Beginnings
8.0,154.0,4.353284358978571,60,BANANA STREET
9.0,178.0,6.187289714814286,298,RELOADED
8.399999999999999,150.0,4.950314521792857,65,FOLKLORE
8.7,101.0,5.843364715578571,255,mirage
8.0,70.0,3.934280395507143,336,Sakura no Ame
9.0,74.0,5.944527626035715,267,Heikousen
8.0,140.0,4.5582036972071425,90,Steppin' out -TV Size-
7.0,74.0,3.753111839292857,321,Weight of the World English Version
9.0,128.0,4.987662315371428,207,Fuujin Shoujo (Suigetsu Yamato Remix)
8.0,185.0,5.280716419221428,228,Ray of bullet
8.5,141.0,5.40528821945,87,Hello!My World!!
8.799999999999999,100.0,6.2469215393071424,183,Don't Wanna Cry
6.0,74.0,3.25810313225,156,Cosmos no Youni
8.5,174.0,5.634364128114286,309,All That We Lost
7.0,146.0,3.0885014533999997,196,Bubble Pop!
8.5,180.0,4.999985694885715,55,To Be The Best
8.5,180.0,5.651998996735714,113,Jewel Days
8.0,163.0,4.1692323684714285,98,sorairo concerto
5.0,110.0,1.651379942892857,62,Sora ni Kogarete
7.0,97.0,3.2354948520642854,70,Paid My Dues
8.0,176.0,5.6507596969571425,110,Ai YOU READY Ai Wo READY
9.0,193.0,6.217434406278572,90,Now Loading!!!!
9.0,160.0,5.354245662685714,222,Bulls in the Bronx
7.0,100.0,2.922304153442857,99,L'Oiseau bleu
8.0,137.5,3.8456518650071425,220,1st Love Story
9.0,170.0,6.546875476835714,328,Caliburne ~Story of the Legendary sword~
9.5,200.0,7.155813693999999,202,From Under Cover (Caught Up In A Love Song)
8.0,136.0,3.3937647342714286,322,Kawari Yuku Mono
8.5,110.0,5.338021755221428,175,We Are One (Original Vocal Mix)
8.7,175.0,5.746454238892857,301,Cycle Hit
9.0,180.0,5.1476755142214285,297,Kagami no Mary Sue
8.5,174.0,5.292514801028571,252,Hoshi Ori Yume Mirai
8.5,174.0,5.358586311342857,108,Come Back Down
9.0,216.0,6.422120094299999,315,L.L. Infinite Beating.ver
7.0,82.67,3.56382107735,235,Kingdom Of Welcome Addiction
8.799999999999999,149.0,6.725681781771429,293,"chrono diver -fragment- (Camellia's ""crossroads of chrono"" remix)"
6.0,121.0,2.6921839714071427,96,Digital Angel
8.0,122.0,3.7013442516357142,174,I Really Like You
7.8,96.0,3.764825344085714,77,Uchiage Hanabi
8.0,150.0,4.576233863828572,328,miragecoordinator
9.299999999999999,139.0,5.021227359771429,80,YoiYoi Kokon
8.5,152.0,5.835279941557142,87,One In A Billion
9.0,258.0,6.869403839114286,341,Condemnation Wings
8.5,174.0,4.606018543242857,349,Dark Eyes
8.799999999999999,155.0,5.645406723021428,180,Main Theme - Dubstep Remix
6.0,70.0,2.7257997989642857,121,lit(var)
8.299999999999999,130.0,4.773282051085714,85,JINGO JUNGLE
7.0,125.0,3.533999919892857,112,Mirai Melody
8.0,185.0,5.2035946846,301,Youkai no Yama ~ Mysterious Mountain
8.6,175.0,5.922311306,303,Dans la mer de son
7.5,150.0,4.097083568571429,63,Caught Fire (feat. Ashley Lawless)
6.3999999999999995,82.0,2.3662712573999998,104,Partner no Thema Orgel
8.6,186.0,5.2824215889,88,GAMERS!
7.0,122.0,3.295499801635714,181,Egao no Dessin
6.0,83.0,3.167712688442857,184,Galaxy
7.0,143.0,3.819010257721428,300,Little Nova
9.399999999999999,190.0,5.435407161714285,89,Redo
9.299999999999999,195.0,5.98332595825,92,Altros
6.0,120.0,3.0032286644,65,Outro (Rollin')
8.2,131.0,4.169314861299999,88,Vidro Moyou
6.0,84.0,2.906857490542857,86,Zero Tokei (Short ver.)
8.0,180.0,5.1815404892,114,Take me*Take you
9.0,97.0,6.926800251007142,300,Halcyon -Long Version-
8.0,214.0,5.418432712557142,88,LET iT END
5.5,80.0,1.9674335718142855,109,Breathlessly
8.0,184.0,5.387085437771428,149,Hard Knock Days
8.0,90.0,4.232675075528571,172,Dreams Don't Turn To Dust
8.0,176.0,4.851051807399999,87,Gunjou to Contrail
9.0,182.0,5.548215389249999,47,Ne! Ko!
8.5,69.8,5.086511611935714,209,Fly high
8.0,160.0,4.645785808564286,141,Daisuki Nanda
8.0,172.0,4.2125415802,89,rose
8.299999999999999,146.0,5.720988750457142,302,The Anonymous
8.0,146.0,4.778647899628571,109,Greening
7.0,177.15,4.079052448271429,100,Cari Pokemon (Speed Up Ver.)
7.5,95.0,3.7506744861571426,161,EXEC_CHRONICLE=KEY/.
8.5,177.0,5.484521389007143,91,Harmonia
8.5,175.0,5.344152450564285,335,Spectrum
8.0,96.0,4.627932548521429,293,Uchiage Hanabi
8.0,141.0,4.186767578128571,69,Gravity Falls Finale End Credits
6.0,94.0,2.6750795841214283,230,Indah Cintaku
7.0,124.0,3.84859752655,301,ARIA
9.0,230.0,6.690633296964286,379,A Voice Within
8.0,135.0,5.012318134307143,108,Deadlocked
9.0,200.0,6.932943344114285,301,Extraction Zone
7.0,165.0,4.368818759921428,88,Hikari Tatsu Ame
8.0,174.0,5.687069416042856,204,Sleep-walking
8.0,142.0,4.437542438507143,108,Alone
8.5,160.0,4.9732427597071425,164,Kill The Lights
9.0,180.0,5.7431244850142855,88,"Dakara, Hitori ja nai -TV Size-"
7.0,111.0,3.757808446885714,301,Hirahira Hirara
6.0,192.0,6.552889823914286,133,Dreadnought
7.5,153.0,4.064949512478571,89,Sakurairo Diary
8.5,173.0,5.369636535642857,266,Serendipity
8.7,178.0,5.485829353335713,380,Star map (Soleily Remix)
4.0,66.0,1.4891028404214284,133,King of Comedy
8.5,170.0,4.7887597084071425,137,Starlite
8.6,194.0,5.3899950981142855,108,Dokidoki SING OUT!
7.5,73.0,3.584161520007143,113,Hoshikuzu Venus
9.0,87.0,5.819104671478571,291,Fall Away
8.6,175.0,5.548901557921428,88,Hakkensha wa Watashi (Anime Size)
7.5,132.0,3.7686235904714285,293,Eien Misui ni Good-bye
7.0,186.0,4.598405838014286,86,Sakura Sakura Saku ~Ano Hi Kimi o Matsu Sora to Onaji de~ (TV size.)
6.5,175.0,5.944068431857143,313,Reminiscing
7.5,164.0,4.3845448493928565,103,Nijiiro no Kisetsu e
7.0,160.0,3.759590864178571,95,Strike
6.0,130.0,2.5156164169285713,155,SEXY ASS
7.0,129.0,3.290446758271428,63,Yummy Yummy
7.0,124.0,3.5742061138142858,181,Talking to Myself
9.5,174.0,6.634347438814285,321,</emotional>
8.0,88.0,5.042395591735714,361,I'm glad you're evil too
8.5,190.0,5.335551738735714,86,Wolf
7.0,127.0,2.8767404556285716,200,Domino
8.0,170.0,4.587502002714285,225,Life goes on.
9.200000000000001,183.5,6.020102500914286,110,ANiMA
8.0,101.0,4.383597373964285,308,Nokosareta Namae -Toori Kazoe Uta-
8.5,147.0,5.181297779085714,114,PAPAYAPA BASS
8.799999999999999,175.0,5.249677181242856,99,Tenshi ni Fureta yo! (Asterisk DnB Remix)
8.0,145.0,4.613235950471428,227,Hafuri
8.0,128.0,3.9060337543499997,46,TIPA PRIVIDENIE (feat. Utopia Show)
8.0,185.0,4.6383838653571425,102,"""Remizera!"" ShortVer."
7.0,107.0,3.371456861492857,231,Kirai... Demo Suki ~Aishiteru~
7.5,134.0,4.1620092392,115,Kimi to Tsukuru Mou Hitotsu no Mirai
7.0,135.0,2.4048135280642855,62,Faerie Battle
8.299999999999999,174.0,5.896734237671428,313,Key of timepieces
7.0,151.0,3.3634023666357145,128,WHEN AN ANGEL DIES
6.0,95.0,2.8245594501499998,209,Just One Day
8.0,125.0,4.019480228421428,139,Dead On The 4th Of July
8.0,172.0,5.006671905514285,88,Diablo (VIP)
8.0,98.0,5.232558250428571,157,Call On Me
7.0,127.0,3.354855775835714,32,the high class stuff
8.0,162.0,5.012654781342857,85,KAZE
8.0,90.0,4.106045722964286,291,HANAKANZASHI
9.0,96.0,5.777510166171428,257,Endure The Silence
8.6,200.0,5.918694972992856,188,Rock 'n' Roll Nandesu no
8.0,114.0,3.781376838685714,97,Danger
7.0,130.0,3.7538700103785714,314,Star Sky
4.0,97.0,1.8489934205999998,56,Interlude (Fantasy Friendship Forever)
5.0,74.0,2.584115982057143,309,Weight of the World Kowaretasekainouta
7.5,123.0,3.6667757034285713,86,From
8.6,111.0,5.098353862764285,355,Tsumi no Namae
8.5,162.0,4.928355693814285,99,Senpai. [MOVIE Ver.]
8.0,166.74,6.133773803714286,411,"Sonata No.14 in cis-Moll, Op. 27/2 - 3. Satz"
4.0,60.0,1.5441782474499999,48,timmy.
9.0,83.0,5.535045623778571,88,Zoetrope
8.0,155.0,5.042992591857143,217,"Shounen yo, Tokkou no Sakigake to Nare"
8.0,145.0,4.6979107856785705,84,Hello Alone (TV size)
8.5,170.0,5.272376537321429,244,Kotoba no Iranai Yakusoku
7.0,135.0,3.750224351885714,87,Deep in Abyss
8.0,97.0,5.253053188321428,126,Apeiria
6.5,102.0,2.3952827453642853,61,Jingle Bells
7.0,90.0,4.191593647,85,Freesia
7.8999999999999995,174.0,4.3611211776714285,89,Whatever I Do (feat. Kostja)
8.0,126.0,3.96526789665,66,Kimi ni Todoke
9.0,200.0,7.13130950927857,360,"Feelin Sky (Camellia's ""200step"" Self-remix)"
8.2,107.0,4.766527652742856,299,Rebuilt world
9.0,136.0,4.813606262207142,42,Cookie-Butter-Choco-Cookie
8.0,102.0,4.936536312099999,422,Mukau no Sato ~ Grief of Ressentiment
7.0,150.0,3.4355745315571427,161,Heavy (feat. Kiiara)
5.5,83.0,2.2835016250642854,115,Chloe-II -Perplexity-
8.5,175.0,5.176388740542857,88,Take It In (feat. Koven)
8.0,150.0,4.621179103849999,81,TAKE ME AWAY
7.699999999999999,103.0,4.316727161407143,430,EXEC_with.METHOD_METAFALICA/.
8.0,160.0,4.663839340207143,235,Philosophyz -NanosizeMir Ver.-
8.0,72.5,4.518679618835714,299,Toki Hatsuru Yume
8.0,115.0,4.689584255221428,208,Pop It
9.0,122.0,6.521004199978571,185,VERY NICE
9.0,185.0,5.854844093321428,94,TSLove
8.5,188.0,5.7062554359428574,272,Absolute Soul
7.6,144.0,4.060857295992857,250,Ikuseisou no Monogatari ~The Story of Eternity~
7.0,130.0,3.579077005385714,88,Precious You*
9.299999999999999,139.998,5.829745769499999,115,The Navigator's Hope
8.0,169.0,4.8725399971,93,Kibou no Sora
8.0,165.0,4.723269939421429,86,Hitorigoto -TV MIX-
8.899999999999999,174.0,6.219684123992857,308,dreamless wanderer
8.0,142.0,4.828846931457143,251,Harumachi Clover -blooming mix-
8.799999999999999,175.0,4.989899635314285,187,The Last Garrison
6.0,110.0,2.550440788271428,156,love (Feat. Syd)
9.0,191.0,6.092161178585714,63,Unknown Title
7.0,90.0,3.9640517234785713,60,B:/ Infinite Login
8.0,174.0,4.7749934196499995,240,Haru Modoki
9.0,172.0,6.2207293510428565,302,Junpaku*study time
8.5,99.0,5.001054763792857,291,messages from nowhere
7.5,142.0,3.99944114685,87,Kanashii Ureshii
6.0,107.0,2.9305706024142855,113,Spring Day
9.0,103.0,5.755940914157142,208,Something Just Like This
7.0,84.94,4.014819622042857,68,Aurora
5.0,92.0,2.42723965645,42,All Star
9.399999999999999,213.0,6.659744739535713,89,My Sweet Maiden (TV-size)
8.0,146.0,4.3364367485071424,295,DEAREST DROP
8.0,172.0,5.262515068057143,228,oddloop
9.0,189.0,5.8984193801857145,87,Datte Atashi no Hero. -TV ver.-
8.0,184.0,5.247235298157143,99,u/n
8.6,165.0,5.5700397491428575,302,DYE/Re:flection+
8.0,180.0,5.228984832764286,200,Jitter Doll
7.0,185.0,7.003365039828571,318,BLACK or WHITE?
9.399999999999999,276.0,8.157903671285714,289,A-L-I-E-N
5.0,98.0,2.5639576911928574,431,Cordless*Tere*PHONE
7.5,180.0,5.449209690092857,108,Be Your Light
9.0,160.0,5.254410743714285,86,Nippon Egao Hyakkei
8.799999999999999,190.0,6.098753929135714,640,Save Me
9.200000000000001,193.0,6.004118442535714,88,RE-ILLUSION (TV Size)
8.0,170.0,5.214363574978571,292,Himawari no Sakamichi
9.5,180.0,6.575592041014286,405,Midway Colors
7.0,105.0,3.6298577785499995,30,Kimi Iro Smile
8.7,210.0,5.892084598542857,166,Aimai Elegy
8.0,144.4,4.7861800193785715,36,Star Vs The Forces Of Evil Theme
9.0,175.0,5.8361492157,176,We Won't Be Alone (feat. Laura Brehm)
8.1,160.05,5.396192550657142,93,Senpuu no Mai [Ten]
8.5,180.0,4.9071598053,107,Chikurin in Flames
8.0,85.0,4.866839408871429,89,Chiisana Amai Koi
8.0,164.0,4.7737402915928575,235,Calendrier
8.0,125.0,4.097789764407143,167,Red Flavor
8.5,175.0,5.255563259121428,86,Yuriyurarararayuruyuri Daijiken
8.0,160.0,4.318283081057142,109,One Small Step
9.0,200.0,6.18126010895,122,Frey's Philosophy
6.0,76.0,2.7971329688999997,150,shionari
8.0,70.0,3.769545078278571,89,Stay Alive
7.5,111.966,3.8199598789214284,116,Duet
7.5,120.0,3.769411325457143,45,MRAZ' (feat. Larin)
8.5,185.0,5.05841732025,324,SHUTTER*GIRL-crossfade-
8.5,98.0,4.909681320192856,217,BLOWIN'
7.0,120.0,3.8465006351499995,300,Best of my Love
8.7,170.0,5.7378859519928564,297,YELL!
8.399999999999999,175.0,5.316930294035714,205,Taiyou to Kurashite Kita
8.5,153.5,5.4303278923,107,Zauberkugel
7.5,142.0,4.29710149765,29,Harumachi Clover
8.0,178.0,5.074261665342856,309,S.A.T.O.R.A.R.E
8.0,140.0,4.5526099205,262,Shadows ~Kage Iro Yousei Ehon~
8.7,169.0,5.780872821807142,153,Loose Change
6.0,70.0,3.6007540225999994,306,After rain
6.5,148.0,2.344674825671428,65,Byakumu no Mayu ~Ricordando il passato~
6.0,125.0,2.9785962104785715,231,iNSaNiTY
8.6,175.0,5.410302639007143,224,Sparkling Daydream
8.5,153.0,4.341358661649999,81,Alola!!
7.0,125.0,3.1649801731142855,64,Champion Energy 2.5mins 062017
7.0,74.0,3.8317480087285714,318,Weight of the World Kowaretasekainouta
9.0,181.0,6.3740639686571425,138,Savior
8.5,175.0,5.300717353821428,322,Lost Forever
9.0,191.0,6.118328094485714,277,Tsukitourou
8.0,180.0,4.338859558107143,82,Phronesis
8.0,170.0,4.864024162292857,305,Luvin'Epoch
8.5,165.0,4.9572181701642855,85,Kimi no Shiranai Monogatari -TV Edit-
7.0,90.0,3.8642218112928566,74,Pipo Password
8.5,200.0,5.472526550292857,89,Peace Sign (TV edit.)
7.5,120.0,3.0601785182928567,69,Generic Happy Music
8.5,160.0,5.109880924221429,86,Shinzou o Sasageyo! [TV Size]
6.0,180.0,3.0037047862999997,69,MUZYKA NE MUZYKANTA (feat. Snailkick)
8.0,142.0,4.389966964721428,87,Kanashii Ureshii
9.0,180.0,5.996620655057143,126,Get Jinxed
8.5,240.0,6.201254844664286,88,Los! Los! Los!
8.0,155.0,4.619791030885715,109,Believe
8.2,160.0,4.876677036285714,138,Magnolia (feat. Guriri)
7.5,110.0,3.2151803970357142,187,Bo jestes ty
8.2,93.14,4.286512374878571,79,duvet TV sized
9.0,180.0,5.276397705078572,236,petit bonheur
9.6,250.0,7.423302173642856,92,"Daisuki, Evolution"
8.0,171.0,4.504288196564286,82,whiz -TV.Ver-
9.0,175.0,5.296681404114286,47,Bunny Panic!!!
7.0,150.0,4.046454906464286,200,Heroine Syndrome
8.0,154.0,4.1253533363357135,86,Seishun Prologue
7.5,165.0,4.363103389742857,88,Shiawase ni Tsuite Watashi ga Shitteiru Itsutsu no Houhou
6.0,90.0,2.4586398601499995,103,Main Theme
8.0,220.0,4.0690703392,87,Morning Glory
8.5,206.0,5.27587032317857,37,sweets parade
8.0,111.0,5.350905895235714,106,Sayonara Heaven
8.0,98.0,4.481104850771428,111,Akikaze no Answer
8.0,143.0,3.5350883007071427,92,Million Clouds
7.0,131.0,3.3764424323999997,89,Fight for Judge
8.2,174.0,5.112004280092857,179,STARS ALIGN
8.0,166.0,4.477923393249999,117,Vulnerability
8.5,174.0,5.503125667571428,309,Moonbound feat. Yukacco (USAO Remix)
8.0,96.0,4.8572955131499995,302,Walkuere ga Tomaranai
8.5,190.0,5.551738739014286,103,nightbird lost wing
8.7,100.0,6.1179504394499995,160,Red Lips (Mendus Remix)
5.0,101.944,2.1623501777642855,276,Another Day In Paradise
7.0,163.5,4.717196464535714,67,...To Eternity
7.0,130.0,2.622539281842857,65,Ryuu no Ana
8.0,98.0,3.8965222835571423,309,Myoujin Henka
8.299999999999999,180.0,6.199221134185714,329,squartatrice vs. disperagioia
9.0,125.0,6.032518386842857,195,AS IF IT'S YOUR LAST
8.0,114.33,2.884573698042857,55,Parom & Polom
9.0,180.0,6.287211894985714,419,osu!memories
4.0,99.0,1.7657479047785714,54,Koi no Hime Hime Pettanko
8.7,178.0,5.297475337985714,380,Jet Loser
8.0,88.0,4.659369468685714,329,I'm glad you're evil too
7.0,150.0,4.051690578457142,155,Porta Vista
8.0,150.0,5.310688972471429,299,Yoiyami Datsugoku Hime
7.0,107.0,2.9653198719000002,163,Using You
8.0,162.0,4.6685709953285714,41,We are Number One
8.7,186.0,5.388672828671428,335,Super LOVE=Super LIVE!
9.399999999999999,199.0,7.631469249714286,294,Road of Resistance
8.0,128.0,4.451765060421429,186,Shut Up and Dance
8.6,175.0,5.232170581814285,329,Spectrum
8.0,140.0,4.652212142942857,294,Transformations Ft. Laura Brehm
10.0,254.0,7.781154632571429,338,Ages Die
8.0,166.0,4.3476819992071425,40,Chicken's Theme
9.5,225.5,7.6644501686428566,107,Glorious Crown
8.5,182.0,5.682358264921429,100,Straight Oath
8.0,96.0,4.647220134735714,354,Hikari no Senritsu
8.0,174.0,4.983160495757143,179,Taking Over (ft. Miyoki)
5.0,132.0,2.5527715683,88,Aoi Shiori(TV Ver.)
6.0,110.0,2.6164455413785714,40,MUZYKA NE MUZYKANTA 2 (feat. Snailkick)
6.0,64.3,3.5919675826999997,330,Can't Take My Eyes Off You
9.0,200.0,5.962881565092857,89,Hallelujah*Essaim
6.0,160.0,4.497705459592857,306,You and beautiful world
8.0,192.0,5.74269247055,306,Petals
7.5,88.0,4.2284450531,85,Nameless Heart(TV edit.)
8.6,120.0,5.387707710264286,396,Songs Compilation
9.0,112.0,5.783187389371428,86,Fingerbang
6.0,110.0,2.581543445585714,86,Dari Mata
9.5,196.0,6.286321163178571,163,GOOD NIGHT
8.5,170.0,5.363959312435714,97,To Adventures
8.0,172.0,4.644765853878571,263,Yonjuunana
7.0,160.0,4.318624496457143,154,Monotone no Tentai
8.0,198.0,4.6032557487500005,84,Kaze ga Fuku Machi (TV size)
9.0,89.5,6.371320724485714,352,Kuuchuu ni Shizumu Kishinjou ~ Counter-Clock World
8.0,170.0,4.566355228421428,111,Only time make your hapiness
7.6,170.0,4.345550060271428,180,Sakimori Renka (Long Version)
6.0,87.0,2.3790576458,299,Moshimo kara Kitto
7.0,160.0,4.178780555728571,55,S2 Trailer Theme
8.0,160.0,4.795800209042857,248,Flower Flag
4.0,112.0,2.2546036243428573,338,Tobidase Doubutsu no Mori Hourly Songs Compilation
8.0,123.0,3.7450077533714285,47,Quinoa
8.0,174.0,4.783733367921428,80,Watch Me
8.6,174.0,5.112787246707143,81,Hoohah (VIP Edit)
8.0,86.5,5.996354579928571,116,Azurite no Hitsugi
9.0,172.0,4.868012905121428,313,Skyshards
6.0,125.0,3.0236737728142855,201,Tell Me What To Do
5.0,116.0,2.6228771209714283,52,From a Flock of Crows
8.0,200.0,5.743120193478571,87,Hyadain's Jojo Yujo
8.0,142.0,4.453337669371428,29,Harumachi Clover
9.0,172.0,5.297586441042856,126,Doomsday
7.199999999999999,122.0,3.8116390705142855,111,Shiawase Iro
8.2,180.0,4.715957164764285,46,222 - wewewe
9.0,180.0,5.884361267092857,301,Sunglow
9.0,188.0,5.941638946535714,243,dorchadas
9.0,110.0,5.705266952514286,145,Ginga Tetsudou no Penguin ft. nicamoq (Stripe.P Remix)
8.0,85.0,4.424088954928571,134,glow
9.0,193.0,5.265651702878571,100,Une mage blanche
9.0,185.0,6.1824617385857135,297,Youkai no Yama ~ Mysterious Mountain
8.5,180.0,5.3806300163285705,83,Hakoniwa Logic
8.0,180.0,4.853052139285714,109,petit bonheur
7.0,110.0,2.81374025345,85,Shinkai Shoujo-piano ver.-
7.5,87.0,4.078950881957143,87,Innocence
8.0,179.0,5.326021194457143,86,Climber's High!
8.7,185.0,5.304756641385715,162,Kimi no Yozora Shoukaihan
8.5,165.0,4.7737030982999995,88,Hitorigoto -TV MIX-
8.0,160.0,5.426038265228571,145,All of you is all of me
7.5,148.0,4.405267238614286,85,Stella Breeze (TV Size)
7.0,149.0,3.933439016342857,320,echoes vocal. yanaginagi
8.0,80.2,4.159048557278571,87,Kara no Kokoro
8.5,173.0,5.224658012392857,117,Azurite no Hitsugi
8.0,165.0,4.793198585507143,90,Arcade Busters
9.5,176.0,5.991423606871429,314,Mahou Shoujo Chino (nenpulse bootleg remix)
8.6,165.0,5.447827816007143,335,Kimi no Shiranai Monogatari
9.0,201.0,6.565545082092856,82,Paradisus-Paradoxum
8.7,74.25,4.924274444578572,321,Labyrinth (feat. Miyoki)
9.0,96.0,5.819417953492857,106,Jiyuu no Hane
8.6,190.0,5.428887844085715,88,Chochocho! Yuru Yuri*Capriccio!!!
8.5,135.0,6.070227622985714,248,RHAPSODY OF BLUE SKY
7.5,100.0,4.220530986785714,371,EXEC_over.METHOD_SUBLIMATION/.~omness chs ciel sos infel
8.2,175.0,5.134456634521428,90,We Are One (feat. Veela)
5.0,109.95,2.04340314865,88,Birth of a Hero
6.0,136.0,2.6255362033857144,61,Safari in Monbebe World
8.0,124.0,5.254980564114286,350,Holystone
8.5,174.0,5.318189144135714,307,Moonbound feat. Yukacco (USAO Remix)
9.0,178.0,6.266020774842858,362,Countdown to the Blue
8.799999999999999,190.0,5.157493114471428,44,I'll Be There For You (TV Version)
8.0,152.0,4.654527187349999,304,DREAMS OF AN ABSOLUTION (LB vs JS Remix)
8.5,189.5,5.096863746642857,310,Not Just Yet (Original Mix)
8.5,173.0,5.327336788178571,191,Kizuato
8.0,131.0,5.288346290585714,310,BEELZEBOSS (THE FINAL SHOWDOWN)
6.0,118.0,2.6203002929714287,96,Carnation
5.5,131.1,2.0123264789571427,44,Kagome-Kagome
5.0,130.0,5.229043960571428,318,Haito Atoriesta nite
8.0,180.0,4.986111164092857,296,Another Heaven
9.0,175.0,5.836954116821428,87,Hakkensha wa Watashi (Anime Size)
7.0,122.0,3.432414531707143,212,Framboise Lovers
7.0,60.66,3.398835182192857,85,Floria -TV Anime Size-
9.0,268.0,6.004052639007143,86,adrenaline!!! -TV Ver-
8.799999999999999,194.0,5.732948780057143,297,o'er the flood
9.0,180.0,5.615920543671429,302,Heaven's Race Guitar Style
7.5,138.0,3.8556418418857143,87,Fairy Tale -TV Size-
4.0,82.0,1.60504078865,53,like someone in love
8.0,187.0,5.483401298521429,186,Hito ni Yasashiku
8.799999999999999,145.0,5.00167655945,132,Views
7.699999999999999,144.0,3.836004018785714,92,Deadlock
8.5,195.0,6.537395000457142,310,STAR BEAT!~Hoshi no Kodou~
5.0,90.0,2.2892479896571425,110,Tsuki Usagi -Gekkouyoku-
7.199999999999999,125.0,4.249245643614286,93,Tsunagaranai Sekai
8.2,188.0,5.299719810485714,115,Kotonoha
8.0,190.0,4.705353260042857,88,Itteki no Eikyou (short ver.)
6.5,140.0,4.161127090457143,341,Beyond The Shadows
8.0,170.0,4.341745376585714,71,Watashi no Sekai
8.7,172.0,5.323961257935714,101,Yume Tourou
9.5,200.0,7.183687210071429,177,Chase Me
7.0,131.0,3.806001901628571,132,Vidro Moyou
7.3999999999999995,121.0,4.5441250801071424,330,singason
6.0,138.0,3.326123476028571,156,Katawaredoki
9.0,145.0,6.298209190371428,229,AMAZING BREAK
7.5,165.0,4.417637348178571,313,Setsugen Tir na nOg off vocal
9.6,250.0,7.566764354714285,173,Inai Sekai
6.0,132.0,2.524388313292857,36,Zen Zen Zense
8.0,84.0,5.288430690764286,226,Love your enemies
7.5,148.0,3.8668222427357137,85,Stella Breeze (TV Size)
6.0,124.0,3.320272445678571,166,Muah!
3.0,52.495,1.3758583068857142,164,House Of Cards (full length edition)
8.0,170.0,5.2583899498,308,one's future (you Remix)
8.1,80.25,5.077272892,343,Sayonara Memories
8.299999999999999,172.0,4.839209079742857,84,Nightmare
8.5,200.0,5.707239627835714,68,M.R.
9.0,200.0,6.019391536714285,153,fuego (sakuraburst remix)
8.399999999999999,178.0,5.965001583099999,326,Showdown
8.0,142.0,4.60400009155,83,Yuki no Hana
7.199999999999999,140.0,4.092461586,98,Wicked Fate
8.0,164.0,4.821718215942856,87,Original. -TV Ver-
9.0,200.0,7.005405902864285,159,MOON LIGHT WAVE
6.0,128.0,2.93524980545,87,Elemental World (TV Size)
8.0,180.0,4.247749328614286,87,Zettai Kibou Birthday
8.299999999999999,190.0,5.149181842807142,182,Logic Agent
9.0,165.0,5.476400375364285,297,Remote Control
8.0,195.0,5.620305538178571,180,Otsukimi Recital
8.0,195.0,5.348398208621428,677,OrVid
9.0,179.0,5.8099246025071425,301,tiny lamp
5.0,68.0,3.4856615066499996,224,At Gwanghwamun
8.0,135.0,5.417284965514286,89,RHAPSODY OF BLUE SKY
8.299999999999999,192.0,5.837789535521428,89,Blow out
6.0,170.0,5.515974044799999,114,Proof of the existence
8.0,103.0,4.490911960599999,87,moon river
8.0,80.0,4.087918281557143,302,Ben Se
8.2,87.0,4.836716651914286,266,"Ima, Arukidasu Kimi e."
8.0,194.0,6.186687946321428,115,Completeness Under Incompleteness
8.5,180.0,5.463680267335714,91,Bye Bye YESTERDAY
9.0,173.0,5.3394751548785715,86,Serendipity
6.0,90.0,2.718630075457143,38,Dentist
8.0,168.16,4.295956134792857,190,Kokoronashi
7.0,72.0,3.420830249785714,322,Fuyu no Epilogue
8.5,96.5,5.931758403778571,180,SUPERFLY
8.0,120.0,4.005731582642857,174,Data & Picard
8.2,126.0,3.8978431224857144,56,Kimi ni Todoke
7.0,133.7,3.883393764492857,88,"""Ano Hero to"" Bokura ni Tsuite -noitamina ver.-"
8.0,180.0,4.684287548064286,109,Prism lovely day
7.0,154.0,4.182172775271428,281,Glass no Kutsu
8.0,150.0,4.4084973335285715,301,Liblume
8.5,175.0,5.635433673857143,220,You Say Run
9.0,172.0,5.964384078978571,193,Buriki no Dance
7.0,161.0,4.467202663421428,80,Kimi to Ita Sora
7.0,132.0,3.682074069978571,105,Drawing
7.5,175.0,4.811271667478572,198,Okochama Sensou
8.0,154.0,4.055211067199999,88,Kimi no Hana (TV size)
3.0,53.5,1.1712565422071428,47,Yumemi Gokochi
8.399999999999999,145.0,4.411269664764285,85,a e i u e o ao!!
8.399999999999999,175.0,5.41758823395,116,YELLOW TRICK
9.0,181.0,5.392885684964286,258,Wagamama MIRROR HEART
9.0,195.0,5.839146137235714,375,THE ONE
8.0,128.126,3.971425533292857,187,The One I Love
7.5,138.0,3.82731461525,93,DOA
7.5,132.0,3.4915831089,213,bellow
8.0,190.0,6.309425354007143,301,Get on
8.7,175.0,5.0179233551,86,Gravity -TV MIX-
8.0,185.0,5.335906505585714,329,chrono diver -fragment-
8.7,175.0,5.265855312349999,94,Brave Shine
8.0,140.0,4.411440849307143,304,Nandemo Nedari
8.0,190.0,4.923668861385714,88,Itteki no Eikyou (short ver.)
8.0,107.0,4.258038520814285,197,HOT PINK
8.5,168.0,5.261017799378571,259,Contrail ~Kiseki~
9.0,188.0,5.9965639114357145,297,Yume no Tsubomi
8.0,117.0,3.454472303392857,303,FLIP FLAP FLIP FLAP
8.799999999999999,89.0,5.856115341185714,343,Cruel CRuEL
9.0,195.0,6.156466484071428,302,Extra Mode
8.5,142.0,4.5509672164928565,29,Harumachi Clover
8.0,150.0,4.138980865478572,77,Samurai (Spirix Remix)
8.7,192.0,5.083662033078571,988,Songs Compilation
7.0,146.79,4.214252948764286,168,Sofia (Speed Up Ver.)
9.200000000000001,230.0,6.9136147499071425,219,Yuudachi no Ribbon
7.0,120.0,2.5163748264285712,39,Hashira to JAPARI Man no Uta ANOTHER
8.299999999999999,200.0,6.385804176328572,311,Pluto -Tenderness
8.0,135.0,5.4724621772785715,299,Little Little wish
8.5,134.0,5.535828590392857,90,TOMORROW
8.0,130.0,4.089651107785714,185,TT
8.5,165.0,5.121386051178571,86,Hitorigoto -TV MIX-
8.0,156.0,4.952463626864286,90,Umikaze no Brave (TV Anime Ending Size)
7.0,72.0,3.397655248642857,309,All Alone With You
8.0,118.0,3.8547129631071426,106,H8 U
8.2,87.0,4.855819225314286,173,Slip Away
8.7,180.0,5.495510101321429,100,Something Spicy
8.0,72.5,4.092617988585714,123,Mirror Mirror (Featuring Casey Lee Williams)
8.0,110.0,4.750882625578571,117,Your Love (Manila Killa Remix)
9.0,133.0,5.835825920107142,336,Saifu 'Kamiasobi no Uta'
7.0,164.0,4.648408889771428,190,MIND READER
5.0,104.0,2.17263150215,155,Watashi no Koe
8.0,160.0,4.735224246978571,132,Velocity
5.0,132.0,2.7401542663571425,90,FOREVER HERE
8.0,175.0,4.956122398378571,212,Charon (DJ SEVEN PnB Refix)
8.7,174.0,5.635004520414285,309,Hacking Code
8.299999999999999,162.76,4.939946651457142,84,Hologram
8.6,178.0,5.370330333707142,302,Boku ga Namae o Yobu Hi feat.Mochizuki Souta (CV:Kaji Yuki)
9.200000000000001,180.96,5.8007998466499995,42,Granat
7.5,100.0,4.206864356992857,87,illuminate
8.0,110.0,4.310504436492857,144,DANGEROUS
8.5,180.0,5.316853523257143,299,Toaru Kaizoku Ou no Kimagure
8.2,162.831,4.819432258607143,89,Boku no Friend
6.0,90.0,4.109016895292857,197,Faded
8.5,150.0,4.959471702578571,306,EXEC_SPHILIA/.
8.299999999999999,179.0,5.503032207485714,237,Climber's High!
9.0,115.0,5.7767200469999995,72,Joyful Todays
8.299999999999999,167.0,6.296713829042856,128,Pitch Fucker
9.0,172.0,6.755290508271429,105,Outbreak
7.199999999999999,122.0,3.7790293693571426,298,Let It Snow
8.0,174.0,5.153183460235714,208,Mousou Sketch
8.0,160.0,5.371263027192857,86,Shinzou o Sasageyo! [TV Size]
8.7,115.0,5.362799644471429,175,Outside of Melancholy ~Yuuutsu no Mukougawa~
9.0,230.0,5.807677745821428,94,Yuudachi no Ribbon
8.1,158.0,4.512008666992856,61,Bounce Bounce
7.0,195.0,6.555555343628571,319,The Solace of Oblivion
8.0,183.9,5.115862846371429,88,Recall THE END (Anime ED Version)
9.0,198.0,5.331256866457142,83,Genzaichi
7.0,104.16,4.772584915164285,82,Sweet & Sweet CHERRY
8.5,203.0,5.990223407742857,298,Enantiomorphs
8.0,180.0,5.4323444366428575,92,Aka no Ha
9.299999999999999,186.0,6.159928321835714,110,High Free Spirits vs. DREAM SOLISTER
8.0,163.0,5.001937389371428,204,Shiawase no Otoshimono
9.0,174.0,6.036095619199999,304,"Nirvana(Camellia's ""BinaryHeaven"" Remix)"
8.5,181.0,5.290390491485714,87,Ring Ring Rainbow!! (TV size)
9.0,190.0,6.294761657714285,118,Catch the Moment -Radio Edit ver.-
8.0,100.0,5.9245910644499995,218,Cinderella Syndrome
8.0,170.0,3.4421360492714284,116,snow angel
8.0,161.75,4.55350112915,33,Title Theme
9.0,173.0,5.423042297364286,80,Cry for the Truth(TV edit)
7.0,98.0,2.941449165342857,147,Stronger Than You (Rebecca Sugar feat. Estelle)
9.0,201.0,6.165931701657142,82,Paradisus-Paradoxum
8.0,167.0,4.770781040192857,233,GLORIOUS DAYS
8.0,162.0,4.448978900907143,86,Yumeji Labyrinth
7.0,130.0,3.512946128842857,163,Love Yourself
8.0,164.0,4.990335464478571,305,Hoshikuzu no Ring
8.799999999999999,225.2,5.437422275542858,317,Ringo Uri no Utakata Shoujo
6.199999999999999,75.0,2.6302621364571426,370,Last Smile
7.5,75.0,4.150434970857142,297,Arashi no Atode
8.2,135.0,4.383133411407143,168,HDHR
7.0,127.0,2.744064331057143,33,Ohayou no Asa
6.5,80.0,2.6075811386142855,25,~DISK 1~
7.0,74.0,4.632665157321428,87,Heikousen
6.0,130.0,3.0944728851285714,82,Resuscitated Hope -TVsize-
8.5,210.0,5.836965560914285,345,The Self Surrendered
7.0,128.0,3.4937455654142853,85,Elemental World (TV Size)
7.5,150.0,4.410119533535714,187,Yakusoku no Chikara
8.5,188.0,5.294102668764285,87,Uso no Hibana
7.5,155.0,4.405617713928571,201,Shining / STREAM
8.5,160.0,6.564474582671428,211,Unmei no Dark Side -Rolling Gothic mix
8.5,187.0,5.00225019455,99,"Love Love Sensation short ver,"
8.5,175.0,5.122692584992857,99,Frame of Mind
2.0,75.0,1.7906361818285714,85,Hakanaki Yume
7.3999999999999995,113.0,4.562643527985714,301,Trancing Pulse
9.5,154.0,8.105132103,57,Rampage
8.0,190.0,5.293186187742857,236,Hoshi no Utsuwa ~ Casket of Star
6.5,148.0,2.5970685481999998,52,Road of Resistance
8.6,168.0,5.347413063049999,86,Gabriel Drop Kick
8.5,174.0,5.704920768735714,299,starlights feat. TEA
8.0,190.0,5.0381040573142855,77,Second Limit
8.5,153.0,4.964769840242856,87,Alola!!
7.5,142.0,4.613886356357143,293,Parabola ~Galileo's Dream~
9.0,192.0,6.447739601135714,216,Pochiko no Shiawase na Nichijou (Long Version)
8.5,200.0,5.658201217649999,94,Bokura no Seiza
5.0,110.0,2.802307605742857,94,emotional flutter
7.0,142.0,3.888517141342857,29,Harumachi Clover
8.5,172.0,5.7615404129,298,HAELEQUIN (Extended ver.)
1.7,117.0,1.7085298299785712,303,FLIP FLAP FLIP FLAP
7.0,153.0,3.7736113071428568,88,Colorful. (AnimeVer.)
9.0,190.0,5.411979198457143,260,Catch the Moment
8.0,89.0,5.858208656314285,339,Sakura no Zenya
8.5,200.0,5.59564733505,96,Niiru Renka Chou ~ Ancients
6.8999999999999995,80.0,3.5626161098499995,302,Ben Se
8.399999999999999,170.0,4.931620597842858,86,Youkoso JAPARI PARK e (TV size ver.)
8.5,246.0,6.009713172914285,302,enn
4.5,95.0,1.8223081827142855,109,SAKURA LETTER
5.0,124.0,2.5894813537571424,83,Gabriel no Kazoe Uta
8.299999999999999,180.0,5.15521764755,108,Daisy
9.0,210.0,6.7095065116857135,168,Streaming Heart
7.0,128.0,3.7948968410499995,88,BLAZE
9.0,200.0,6.657862663271428,154,Mousou Kajitsu
8.6,115.0,6.013117790221429,591,Songs Compilation
8.7,174.0,5.12692975997857,65,Ghost
7.5,160.0,4.6649193763714285,92,Jounetsu Utopia
7.5,170.0,4.806889057157143,302,On The Beat (Akira Complex Remix)
9.0,200.0,7.007298469542857,317,Tales of The Destinies
9.0,165.0,5.930219173428571,309,Fall of Fall ~ The Door Into Summer
5.0,68.0,2.9325170517,163,Qing Shen Shen Yu Meng Meng
7.5,174.0,4.789749145507142,152,Ashita e no Tochuu de
8.7,176.0,5.335479736328572,302,Genshi no Yoru ~ Ghostly Eyes
7.3,123.0,3.715989589692857,335,Yurayura
8.0,162.0,4.067818641664285,120,We are Number One
7.0,130.0,3.134018659592857,224,drop pop candy (Multi-Language Version)
6.0,140.0,2.9967637062071426,143,Save ME
8.0,90.0,4.700506687164285,310,Itsumo Kono Basho de
8.0,150.0,4.823394775392857,215,Deep In The Night
4.0,69.0,1.729597330092857,84,Gogo 8-ji
8.0,190.0,5.432798862457142,1997,Living Things
8.0,166.0,5.03385305405,87,Ikken Rakuchaku Goyoujin
8.0,164.0,4.278206825257143,306,See visionS
7.0,142.0,4.214262008664285,188,Geronimo
7.5,189.0,5.0004620552071435,84,Scenario de Reves
8.0,178.0,4.816290855407143,90,Hikari Are (Anime Version)
8.5,110.0,5.506599903107143,313,Sayonara I Love You feat. jyA-Me
8.7,177.98,5.659674644471429,298,Walkuere Attack!
8.0,175.0,5.523596763614286,91,"Oniichan, Motto!"
8.0,140.0,4.83014297485,117,Insaengui Huejeonmongma(ppongjjak ver.)
5.0,128.0,2.25958919525,94,"Fun Fun Fun dayo, Lucky*Star"
8.5,140.0,4.326828479764285,90,East West Wobble
8.299999999999999,166.0,4.804543018342857,304,CLICK(Soleily Remix)
8.799999999999999,244.0,5.547652721407142,312,Moe Ochiru Hokori -Counter raid Another D-
9.200000000000001,227.0,7.241881847357143,183,Sendan Life
8.5,143.95,5.055629253385714,46,Target o Kowase!
10.0,104.5,7.770073413857142,286,Goodbye
8.0,184.0,5.205277442928571,306,Tsubomi (Long Version)
8.299999999999999,180.0,5.490339279171429,174,Koitsubakihime
9.0,140.0,6.103508949278571,458,Uta
8.0,127.0,4.774715423585714,82,Electrodynamics
8.2,164.0,5.425195693971428,178,[A]ddiction
8.0,190.0,5.055560588835714,89,MY LIBERATION
7.0,137.0,3.8063700199142856,302,"Sotsugyou Memories~Sayonara, Anata.~"
8.0,168.0,5.156910896299999,88,Harebare Fanfare
7.0,140.0,3.9277393817928568,44,Step Off Playa
8.0,91.0,5.117899894714285,309,Ideal -tRuE blooD-
7.5,170.0,4.405281543728571,88,Kira Kira
6.0,115.1,2.6493284702285713,126,Grasswalk IN-GAME
7.6,128.0,4.4736733436571425,319,Goodbye To A World
8.5,170.0,5.389781951907143,90,Mugenranbushou(Game size)
8.0,154.0,4.136538505557143,87,Everyday World
8.0,174.0,5.450703144071428,328,Lost in nightmare
7.0,125.0,3.183736562728571,177,Perfect Illusion
8.0,170.0,5.0613160133357145,126,Dajiahao (Erhu ver.)
7.5,134.93,3.9059951305357137,157,Kaze ni Naru
7.5,116.0,3.4207201003999996,119,Candy a Mine
8.0,183.9,5.021772861478571,89,Recall THE END (Anime ED Version)
8.0,148.0,5.650732517242857,114,Xeus
7.0,120.0,2.704049825671428,83,Osoroshii Yashiki
7.0,77.0,4.240584373471428,301,Sayonara dake ga jinsei da
4.0,75.0,1.5435267686857144,49,the girl next door
6.5,120.0,3.075279712678571,65,Applause
8.0,168.0,5.090561389921429,83,Gabriel Drop Kick
6.0,95.0,2.5455055236785715,54,Gozen 7-ji
8.5,182.0,5.709737777707143,227,Sayonara Usotsuki
8.0,190.0,5.327697277071429,1194,THE MEDLEY OF POKEMON RGBY+GSC -3PBs-
8.5,100.0,5.538853645321428,112,TURN DOWN FOR WHAT
8.2,124.0,4.596178054807143,384,Holystone
8.0,145.0,5.487449169157142,89,AMAZING BREAK (TV-size)
8.0,158.0,4.324415206907143,92,Infinia
7.0,72.0,3.93249464035,307,Rokutousei no Yoru
8.0,125.0,5.095623493192857,307,ME!ME!ME! feat. daoko
6.0,74.5,2.6350402832,76,Excessive Love
7.0,93.0,4.274559020992857,198,Blood Sweat & Tears
7.5,130.0,3.9513483047499998,132,eternal feather
7.0,98.0,4.028288841249999,86,INVOKE (TV opening version)
7.0,90.0,2.5255410671214285,324,Shiawase ni Naru Ban
7.0,153.985,3.887152194978571,88,Kimi no Hana (TV size)
8.0,172.0,5.3420910835285715,258,Searchlight
8.5,105.0,5.756727695464286,255,Higurashi no Naku Koro ni
9.0,186.0,6.07142829895,104,Unhappy End World
7.5,260.0,4.059313297271428,50,Vena
9.0,180.0,5.738929748535714,88,Gimme! Revolution
6.0,60.0,2.8443675041214287,224,15 no Yoru
7.0,113.0,3.27788853645,88,Kaze no Naka no Primrose
9.0,178.0,5.603099346164286,85,la la for you
7.5,177.0,3.895080089571428,84,Yasashisa no Riyuu
7.5,139.5,3.9745936393714283,99,The Reach of Darkness
5.5,134.0,2.5345461368571427,43,Habits Of My Heart
8.0,128.0,4.530286312099999,179,Moonlight Sonata
7.6,143.6,3.9799377918214285,102,Novy God (feat. gr. Chernilnoye Nebo)
9.200000000000001,240.0,7.041700363157142,33,TRAUMATIC
8.6,180.0,5.472607612607143,181,Zettai Reido Novatic
8.6,202.0,5.680806159971429,88,Sayonara Ryou Kataomoi
7.0,165.0,5.245760917664286,88,KUMAMIKO DANCING
6.0,104.0,3.8173949718499998,93,You Reposted in the Wrong Neighborhood
7.5,78.0,3.6850385665928567,250,Stars in the rain
7.0,131.0,3.7585935592642854,85,Tsukiakari no Michishirube ~Opening Edition~
7.0,153.0,3.856119632721428,88,Colorful. (AnimeVer.)
7.0,156.0,3.8198769092571423,85,Climber (TV Ver.)
6.0,131.48,3.062772750857143,200,One By One
8.0,188.0,5.738316059114285,87,Uso no Hibana
7.0,77.0,2.817948818207143,32,Emotional Uplifting Orchestral
7.5,110.0,3.7863206863428567,27,Kawaiku Naritai (Short Ver.)
6.0,57.333,3.9805490970642854,213,Baramui Norae
8.0,154.0,4.685855388642857,165,Carrion
8.5,174.0,5.26532793045,187,Wakusei Rabbit (feat. TORIENA)
9.200000000000001,197.0,6.307848453521428,317,fleshbound
9.0,180.0,5.798362731935714,306,Fall of Fall ~ The Door Into Summer
8.299999999999999,155.025,5.279060840607143,356,Bokutachi no Tabi to Epilogue.[Long ver.]
8.0,142.0,3.9773736000071427,29,Harumachi Clover
7.0,122.0,3.5721817016571427,97,Colorful
9.0,200.0,6.018527507778572,398,Through the Fire and Flames
8.799999999999999,180.0,5.696613788607142,87,Ai no Scenario
9.0,191.0,5.990819454192857,97,Kimeta yo Hand in Hand
6.0,72.0,2.283954381942857,84,Rokutousei no Yoru ~TVsize~
8.0,176.88,4.484413146971428,153,This Little Girl (Speed Up Ver.)
8.0,130.0,4.0567317008999995,305,Suki na Uta
7.5,120.0,4.181584358214285,170,Jishou Mushoku
7.0,101.0,3.0741989612571428,67,Yaezakura
8.0,176.0,4.671090126035715,86,Kieru daydream
7.699999999999999,158.0,4.678425788878571,79,Naked Dive (TV Ver.)
9.0,224.0,5.4827818870571425,218,in the Garden
8.0,185.0,4.99292469025,228,Sefure
6.0,125.071,3.2840285301214287,104,Unknown Title
9.299999999999999,188.0,6.308835983278572,87,Uso no Hibana
9.299999999999999,218.0,6.599393367764286,212,Chiisana Koi no Uta
8.0,168.0,4.668605327607143,253,Shikisai
9.0,149.0,6.658316612242857,307,"chrono diver -fragment- (Camellia's ""crossroads of chrono"" remix)"
8.7,200.0,5.593653678892857,80,Kawaranai Sora (TV-version)
8.7,181.0,5.357903480528571,91,Endless Starlight ~Inochi no Kirameki~ (OP ver.)
8.2,240.0,6.243834495542857,62,Sayonara Wonder Noise
7.5,76.0,4.209779262542857,316,everlasting snow
7.0,134.0,3.8533053398142854,248,Hidamari Days
9.0,220.0,6.355193138121429,89,Kai TV Size
8.0,185.0,4.662649631499999,86,Futten Toppa *LOVE IS POWER*
8.0,156.0,4.6941113472,220,Fuantei na Kamisama
8.5,186.0,5.607032775878571,126,Euphorium
8.0,135.0,4.417262554171429,74,Urushi Yoru Yuki
9.200000000000001,228.0,6.864908695221428,132,Texas Is Forever
6.0,84.0,1.8215085267999997,91,affection
9.0,175.0,5.8664393425,334,Necro Fantasia
9.299999999999999,186.0,6.001636028292857,87,Soundscape
7.0,81.333,3.6986229419714283,305,LAST STARDUST
8.5,190.0,5.357343196871429,337,Take
6.0,60.0,2.3067646026642854,48,Sore kara CODA e
7.0,104.0,2.9332022666928568,63,Centifolia
9.0,200.0,6.384043693542857,123,"Minamo no Sakura, Yume wa Sakayume"
8.0,168.0,5.076548576357142,84,Toumei Datta Sekai
8.0,194.0,5.152118206021428,70,Caramel Heaven
5.0,94.0,2.4263157844571426,153,Fumoto no Jinja
8.1,130.0,4.8395271301285705,180,world.execute(me);
8.0,175.0,5.129634380342857,132,HELIX (Edit ver.)
7.0,142.0,4.054892063142857,29,Harumachi Clover
9.0,178.0,5.772762298585714,92,Koi no Hime Hime Pettanko
8.0,95.0,4.415868759157142,133,Towa ni Saku Hana (short ver.)
9.299999999999999,175.0,5.510638713835714,132,Cosmo Memory
8.799999999999999,186.0,6.306517124178571,259,High Free Spirits
7.0,128.0,3.700724363328571,249,Kimi e Okuru Mahou
7.0,160.0,3.950201511385714,97,osu!stream theme
8.0,188.0,4.677165508271429,87,Uso no Hibana
7.0,171.0,4.323314189914285,119,Star*Glitter
8.799999999999999,181.0,5.654859066007143,89,Wagamama MIRROR HEART
5.0,104.0,1.830785274507143,148,Watashi no Koe
5.5,92.0,1.5932312011714285,33,i want to tell you i love you but i can't (ft. olli)
8.0,160.0,4.4533848762499995,92,Precious Wing (Movie ver)
6.0,150.0,3.082651138307143,160,Whatta Man (Good man)
7.0,185.0,4.7168226242071425,89,km/h
7.0,128.0,4.275031566621428,188,"Merry Christmas, Kiss My Ass"
7.199999999999999,94.5,3.062826156614286,397,Phantasmagoria
8.799999999999999,190.0,5.76771736145,283,Scarlet Flower
8.0,123.0,3.6665766239142856,94,Legs
7.0,200.0,4.303722858428571,132,Lonely Hearts Club
8.799999999999999,185.0,5.473347663878571,84,Sentou! Champion
7.0,84.0,4.223043918607143,333,"Last Night, Good Night"
5.5,78.9959,1.9785391092285713,65,zimnie nochi
7.5,174.0,4.654777050021429,125,Novyj geroj
8.0,149.0,4.452387332914285,86,Diver
7.0,74.0,3.2857165336642855,85,Akane Sasu (TV size)
8.5,180.0,5.583398818971428,238,Yumeiro Parade
8.799999999999999,111.15,5.469135761264285,361,Tsumi no Namae
8.0,95.0,4.8569006919857145,124,Towa ni Saku Hana (short ver.)
8.0,128.0,4.171373367307143,327,Heart of Night
9.5,230.0,6.6578040123,203,Zetsubou plantation
9.0,181.0,5.648008346557143,89,Wagamama MIRROR HEART
8.0,177.0,5.594699859621429,229,Yasashisa no Riyuu
9.0,108.0,5.5021777153,324,The Color to Gray World
3.5,65.432,1.46378695965,29,pi
7.0,65.0,2.6353380680071425,163,Dollhouse
9.0,130.0,5.639729022978571,375,Plastic Mind ~ Alice in Underground
8.6,174.0,5.409589290621429,136,Earthquake
5.0,136.3,3.5599021911642854,203,Wo Zhen De Shou Shang Le
7.5,130.0,3.9511551857,83,Annyeong! Digimon
7.0,123.0,3.808765888214286,101,Kaleidoscope
7.5,80.0,3.5100891590142855,86,e of s (game edit)
6.0,150.0,3.028850078585714,70,This Little Girl
7.0,155.0,4.18399095535,114,absolute configuration
7.0,136.16,3.1662225723285715,101,Let It Snow
8.5,183.0,5.569417953492857,105,Cygnus
8.0,240.0,4.8636622428928575,114,Jingle Bells ga Tomaranai
8.799999999999999,190.0,5.805392265321428,309,Labradorite feat. Yu Tokiwa
6.0,145.0,3.3407125472999994,63,Pokemon - Atrapalos Ya!
7.0,162.0,4.38079452515,89,Koi to Joudo no Yaezakura
7.0,158.0,3.648997545242857,40,Jitensha
9.0,147.0,5.175338268278572,389,PLANET//SHAPER
7.5,100.0,4.355220317842857,198,Shelter
8.5,170.0,5.236810207364286,81,Warp Drive
7.0,130.0,3.8820075988785714,279,Resuscitated Hope
7.5,124.0,3.729704380035714,93,Hearts as Strong as Horses
8.2,170.0,5.0512876510642855,102,Sakura Meikyuu
7.0,117.0,4.3989777565,91,Coloring
7.0,117.0,4.3708729743928565,88,Platinum Disco
8.5,111.0,5.439334392549999,365,Tsumi no Namae
7.0,150.0,4.2384223938,242,Amazing sky
9.0,178.0,5.784665107728571,330,White Eternity (Soleily & Epsilon Remix)
9.0,174.0,5.3859558105500005,93,Whatever I Do (feat. Kostja)
9.0,202.0,6.252025127414286,81,Responsibility Response
7.6,125.0,3.7954010963428573,112,Mirai Melody
7.0,200.0,4.105250835421429,214,Soleil
5.8,76.0,1.6401672363285713,108,Silent Night
8.0,138.0,4.071485519407143,183,Pity Party
8.0,100.0,5.011950969692857,299,Hajimete no Oto
6.5,67.0,3.788775444028571,88,History Maker
7.0,93.93,3.5962812900571426,195,Echoes In Rain
8.0,161.0,4.296989917757142,175,Cause you're my star
8.5,186.0,5.842385768892857,126,Euphorium
5.0,100.5,2.273523807528571,34,Emotional Sincere Touching Banjo Celeste
8.0,155.0,4.863458156585715,188,Lost Love Letter
7.0,92.0,2.5809547901142853,53,A song I made one fine morning about cucking my friend Jarv's waifu
9.0,169.95,5.390761852264285,119,Youkakushi -Ayakashi Kakushi-
7.0,143.0,2.808044433592857,40,Secret
7.0,140.0,3.832821846007143,84,Toki o Kizamu Uta - TV animation Ver. -
7.0,129.0,4.0786471366857135,589,2013 In 10 Minutes
8.0,150.0,5.496978282928571,254,YoiYoi Kokon
9.0,174.0,5.3498039245571425,211,Rocking to the Beat
7.5,149.626,4.610848903657143,82,Bouken De-show De-show?
9.0,190.0,5.949116230014285,201,FaV -F*** and Vanguard-
7.0,130.0,2.9519059658071427,72,bells!
7.5,187.0,4.9954771995571425,87,Acchi Muite
7.0,126.0,3.5404117107357145,175,Minden Mas
6.0,82.0,3.0688517093642855,270,Mousou Katharsis
9.200000000000001,191.0,6.99790382385,130,BLUE DRAGON
9.0,175.0,5.3753027915928575,76,We Wish You A Merry Christmas (Boyinaband Liquid DnB Remix)
9.0,174.0,6.055308818814285,128,Hide Away My Heart
9.0,200.0,5.778384685514285,196,Awake
8.5,128.0,4.874610900878571,406,Slow Step -First Love Comes Again-
8.0,200.0,5.269682407378571,80,Kawaranai Sora (TV-version)
8.0,111.0,5.162031173707143,359,Tsumi no Namae
6.0,130.0,2.711060762407143,37,Feel It Comin
8.799999999999999,132.0,5.033359527585714,106,Oedo Controller(feat. TORIENA)[Batsu Remix]
8.6,175.0,5.924093246457143,149,Sweet Dreams (11t dnb mix)
9.0,180.0,5.739721298214286,219,Kimi ga Nozomu Sekai
9.399999999999999,220.0,8.24835014342857,473,"Yomi yori Kikoyu, Koukoku no Tou to Honoo no Shoujo."
7.0,95.0,3.6812193393714283,243,Summer Horror Party
8.0,120.0,4.431918144228571,295,Kimi to Merry Christmas
5.5,69.0,2.9565501213071426,245,Underneath It All
8.799999999999999,174.0,5.727855205535714,78,ENISHI (feat. Hatsune Miku)
9.0,205.0,6.44319963455,85,Brand-new World
8.5,172.0,5.273263454435714,86,Ichido dake no Koi nara
8.0,165.0,4.477151870728571,59,Brawl Breaks
9.0,220.0,6.843224525449999,223,Hakone Hakoiri Musume
8.0,63.0,4.085411548614285,126,All I Want For Christmas Is You
6.0,109.0,2.5284492969500003,121,Christmas Tree
7.5,128.0,2.5224390029928574,102,Gandorada Daikoubou
9.0,100.0,4.870014667514285,97,Shelter (happy30 Remix)
8.0,135.0,3.6546564102142853,226,"Snow in ""I love you"""
8.0,138.0,4.218831539157143,88,Snow Song Show
7.0,175.0,4.667306423185714,303,Distance (TANUKI's Christmas Remix)
9.0,96.0,6.502931118014285,299,Halcyon -Long Version-
8.5,181.0,5.773764133449999,76,Physicality
8.0,165.8,4.3135962486285715,39,Gravity Falls Theme Song
8.5,185.0,6.069746971128571,99,F.K.S.
9.0,190.0,6.0414142608642845,177,Juubaku
6.0,65.0,2.52448916435,72,bells!
9.0,93.01,5.998274326321429,304,Re:Call
8.0,167.0,4.557694911957142,83,Kimi to...
7.0,93.75,3.272811174392857,89,All That She Wants
8.299999999999999,152.0,4.9450302124,236,oath sign
10.0,266.0,7.454964637785714,227,Seventeen RPG
8.0,144.4,4.1813449859642855,36,Star Vs The Forces Of Evil Theme
7.0,240.0,4.07318639755,114,Jingle Bells ga Tomaranai
9.0,85.0,6.05322265625,311,Rage of Poseidon
5.0,75.0,2.4299478530857144,100,Butterfly (Prologue Mix)
8.0,180.0,4.656336784364286,79,Fugitives Last Stand
8.0,86.0,4.803500652314286,185,Ice Cream Cake
9.299999999999999,236.0,7.443653106714285,263,Packet Hero
8.2,151.0,4.653317928314286,246,cantabile
7.0,80.0,4.139085769649999,327,MIRAI
9.0,184.0,5.613497257235714,93,Yuki no Youni
7.0,149.455,3.5852839946714283,170,Last Christmas (Radio Edit) ~Nightcore Mix~
9.0,189.0,5.480820655821428,88,Lostorage (TV-size)
5.0,51.0,1.1692074537285715,53,"Stille Nacht, Heilige Nacht"
9.200000000000001,140.0,6.571620941164285,329,Red Like Roses Part I & II (Edited Version)
8.0,143.0,5.257747173307142,83,The Asterisk War
7.0,184.0,4.9467306137071425,368,winter tale
7.0,128.0,3.3647940158857144,312,Miri Merry Christmas (Feat. Thunder of MBLAQ)
9.0,200.0,6.4804944992071425,319,Tetrastructural Minds
8.5,130.0,4.927687168121428,109,Renaissance
8.2,153.0,4.443245887757143,54,Get On With It
9.0,193.0,6.662279129028571,247,Now Loading!!!!
7.199999999999999,128.0,3.9433615207642854,87,Raison d'etre
7.5,178.0,4.189309120178571,79,Dori Dori~Anime Size ver.~
8.0,105.0,3.9280245304142856,92,Rabi Rabi Park
8.0,177.0,4.629304409028571,82,Yasashisa no Riyuu
9.0,192.0,6.241205692292857,222,Bull's Eye
4.5,87.65,1.4129798412357142,145,I.C.U.
8.5,180.0,5.431870460507143,88,Spiral
8.5,180.0,5.928145885464286,225,Marine Blue ni Sotte
8.5,153.0,5.627603530885715,250,Senbonzakura
7.3999999999999995,173.0,4.71163368225,306,Extrasensory
6.0,145.0,4.540628433228571,232,The Legend of the Black Shawarma
8.0,184.0,4.791323184964286,84,Hanamaru Biyori!
8.7,178.0,5.617064476014286,192,Miraizu
8.5,190.0,4.841938972471429,30,Zen Zen Zense
8.0,128.0,3.8562531471285713,305,BEST OF IMPOSSIBLE REMIX
9.0,200.0,6.886749744414285,264,La Campanella (8 Bit Remix)
5.5,173.0,1.4541383981714286,301,Genryuu Kaiko
7.5,182.0,4.873450279235714,112,Kimi no Kokoro wa Kagayaiteru kai?
8.7,170.0,5.699171543121428,113,Marchen Debut!
6.0,98.0,2.3991377353642855,79,All Rise
8.0,175.0,5.008825778964286,110,Following Flow
5.0,106.0,2.456742763521428,90,Toy Day (Orchestral Remix)
9.0,200.0,6.200238704678571,116,Fox4-Raize-
7.699999999999999,86.0,4.355766296385714,296,I will
7.0,72.0,4.225420951842857,321,RE:I AM
7.8,150.0,4.373466014864285,112,Amazing sky
8.299999999999999,220.0,5.991188049314285,179,PANIC HOLIC (VIP)
8.6,260.0,5.748633861542857,117,Little Lion Man
7.5,175.01,4.4877533912642855,86,Guang Yu Xin Yang
8.799999999999999,180.0,5.286826133728571,86,Happy!? Sorry!!
5.0,86.0,2.074119091035714,52,Three Stars
8.0,166.0,4.931894779207143,87,Puzzle
8.0,166.0,4.843902587892857,170,Make A Move
8.0,160.0,4.54268836975,108,Horang Pungryuga
6.5,90.0,3.3303372859928566,79,Comical Chuuka Chuuihou
8.5,150.0,4.9383354187,253,YoiYoi Kokon
8.2,191.0,5.6304359436,318,Dstorv
7.199999999999999,160.0,4.083172798157142,87,Asterism
8.0,181.0,4.999054431914285,75,Ash to Ash
5.0,130.0,3.8502769470214284,294,Sayounara e Sayonara!
8.0,178.0,5.0513167381285715,104,Arcadia (Short ver.)
8.7,100.0,5.8859577178928575,266,Shelter
9.0,107.0,5.7409825324999995,49,Cory in the House
7.0,222.0,4.2287826538071425,85,Vivace!
8.0,155.0,4.864159584042857,114,HOLY KNIGHT
9.200000000000001,220.0,6.927824020385715,104,Hakone Hakoiri Musume
8.5,142.0,5.405275821685714,301,Nobore! Susume! Takai Tou
7.0,85.5,4.316604614257143,150,Brave Shine
6.0,100.0,2.428034782407143,249,Dango Daikazoku
8.0,155.0,4.7461991310142855,190,Zouka de Arou to Shita Mono
8.0,142.0,3.8892130851714284,86,Akekure Nikki
6.0,105.0,2.2755312919642856,80,Harmonia
8.2,185.0,5.316312313078571,111,Image
9.0,190.0,5.659060955049999,94,Re:TrymenT
7.5,138.0,3.1250121593499998,44,Yumeiro Toridori Parade
7.5,84.0,4.418146610257143,348,Nandemo Nai ya
5.5,57.5,2.085780143735714,60,Gogo 5-ji
8.7,190.0,5.439080238342856,106,Zen Zen Zense (movie ver.)
8.5,190.0,5.520218849178571,112,take a step forward
8.799999999999999,175.0,5.94891309737857,348,Contrail ~Kiseki~ (Epsilon Remix)
7.0,128.0,3.679610013964285,105,Clarity ft. Foxes
7.3,84.5,3.6022274494142854,32,the final outburst of dying creativity
7.0,174.0,4.2059841156,146,Bring it Back
6.0,126.0,3.0160298347499994,105,Niji no Mahou
8.6,180.0,5.329135894778571,315,Abracadavre
6.0,132.0,3.0323364734642855,79,Don't let me down
8.0,140.0,4.436478614807142,232,Traveler's tale
7.5,151.0,4.323198795321428,170,Be Quiet
8.5,174.0,5.3160161972071425,102,On My Own
8.299999999999999,128.0,4.5004696846,45,Monarchy
8.5,175.0,5.360153675078571,308,Let This Go
8.0,150.0,4.461129188535714,86,May I Help You?
6.5,117.0,3.1617097854642857,86,FLIP FLAP FLIP FLAP
9.0,175.0,5.592954158785713,134,Cosmo Memory
6.0,80.0,3.5144026279428573,97,Prologue 1
7.3,142.0,4.304840087892857,108,brave heart~tri.Version~
8.5,135.0,4.78095674515,313,Paradise (What About Us?) ft. Tarja
8.7,225.2,6.158642292021428,325,Ringo Uri no Utakata Shoujo
9.0,185.0,6.056820392607143,226,Delta Decision
8.0,183.5,6.104629993435713,110,ANiMA
8.5,186.0,5.496720314028572,87,Alice in Blue
9.0,200.0,6.559745311735714,53,FAITH
9.0,170.0,5.946946620942857,89,Yin
8.0,172.805,5.280272483828571,88,Rough & Laugh TV size
7.5,164.0,4.002778530121429,103,Nijiiro no Kisetsu e short ver.
8.5,200.0,6.1555604934714285,406,Valley of the Damned
6.0,101.0,3.6173710823071428,74,Snowdin Town
8.0,200.0,4.69607925415,89,Ima wa Mijikashi Yume Miyo Otome
7.0,85.0,4.615015506742857,212,Koizora
8.0,182.0,4.841394424435714,87,Bloom
9.5,125.0,7.016617774964285,218,BOOMBAYAH
8.5,200.0,6.06383943557857,210,Saigo
8.5,172.0,4.838698863985714,101,Yume Tourou
4.0,75.0,1.8317823409999998,40,the girl next door
8.2,194.0,5.610841274264285,195,Genjou Destruction
8.0,144.0,4.269029140471428,79,Sore wa Chiisana Hikari no Youna
7.0,127.15,3.4072618484499997,65,"Collision Chaos ""P"" mix"
6.0,140.0,2.5295612812071426,86,Koi no Jumyou (TV Ver.)
9.0,187.0,5.3195514678928575,314,there are no angels here.
7.0,170.0,4.198279857635714,109,Romantic Now
8.5,173.0,5.342499256135714,85,Serendipity
8.5,190.0,5.326004981992857,106,Zen Zen Zense
8.0,96.0,4.177028179171429,216,September
9.0,186.0,5.8056092262285715,75,Heart no Atoaji
6.0,130.0,2.6069943904857142,43,Froyo Song
8.0,160.0,4.522301673885714,234,DAYS of DASH
9.0,95.0,5.997613430021428,364,Happy End of the World
6.5,100.0,2.842091798785714,59,Gozen 9-ji
8.2,107.0,5.261226177214286,49,Cory White House de Chou Taihen!
7.8,135.0,4.095763206478571,114,HesitationSnow
8.5,184.0,5.662442684171428,103,Cryonix
8.7,192.0,5.848196029664285,89,Glorious Days(TV size)
8.0,171.96,5.301599025728572,220,Fantastic Future
9.0,180.0,6.405483722685713,409,Justability
8.0,160.0,5.169491767885714,528,Songs Compilation
8.2,142.0,4.423680782321428,183,Fly High
7.0,128.0,3.8285784721357143,596,2015 in 10 minutes
8.5,170.0,6.747075557707142,305,Exit This Earth's Atomosphere
7.0,140.0,4.050604343414285,83,Sora no Uta (TV Size)
9.5,183.0,6.112433910371427,120,Kreuz
6.0,127.0,2.7031452655785713,46,Remember
5.5,73.5,2.1516616344428567,349,Koibumi
8.0,128.0,4.253585815428571,181,ChiruChiru
8.5,182.0,5.581863880157143,251,Kimiiro Hanabi -album version-
9.0,190.0,6.12000656127857,86,cross the line
8.399999999999999,175.0,5.2629442215,87,Kimi o Sagashi ni
8.0,89.0,4.457765102385714,240,Shirayuki ~sirayuki~
8.0,178.0,4.368497371671428,84,Koi no Hime Hime Pettanko
9.0,183.0,6.149953842164285,317,Kanshou no Matenrou
8.399999999999999,178.0,5.743332862857142,232,ninelie (REDSHiFT x Vesuvia remix)
8.5,98.0,5.152575492857142,155,Stronger Than You -Chara Response-
8.5,170.0,5.257416725157142,294,Kimi no Kioku (Aethral Remix)
8.0,180.05,5.086636543271428,300,Horned Enigma
8.799999999999999,212.0,6.052869319914285,299,VIRGIN CODE
9.299999999999999,197.0,6.529941081999999,88,Sakebe
8.6,175.0,5.836900711057143,360,Light it up
7.0,168.0,4.209154129028572,255,Mukau no Sato ~ Deep Mountain
8.2,182.0,5.7239074706999995,88,Button
8.0,163.0,4.486647129057142,221,Story
7.8,166.0,4.697231292721428,119,re-fly
9.0,181.0,6.019720077514286,90,Endless Starlight ~Inochi no Kirameki~ (OP ver.)
8.0,140.0,3.939665794371428,174,Heian no Alien
7.8,172.0,3.936064481735714,49,No title
8.7,190.0,5.451896667478572,88,From the Ritz to the Rubble
5.0,59.0,2.3375263214142854,82,Hello Alone -Yui Ballade-(TV Size)
3.0,70.2,1.8344311714142858,181,Hoppipolla
8.0,160.0,4.623717308042857,270,Divine Spell
9.0,104.5,6.2549161910999995,424,Above the Winter Moonlight
3.0,54.0,1.4360017776499998,158,Burning Heartache (lullaby cover)
8.0,185.0,4.790032386778571,89,(can you) understand me?
8.299999999999999,175.0,5.280101299285714,165,R4V3 B0Y
9.0,195.0,5.872104644778571,88,Strawberry Trapper
6.0,87.0,2.785311222078571,140,Ne tvoya viyna
5.0,75.0,2.169755220414286,344,Wishing
8.5,162.0,5.787454128264285,339,Tears Don't Fall
6.5,114.0,2.8149330615999997,310,Tameiki no Yukue
8.799999999999999,98.0,5.693149089814286,78,Kumitate Koujou
8.299999999999999,135.0,4.20488882065,88,Renegade
7.5,160.0,4.5688586235071424,224,Tokyo Summer Session feat. CHiCO
8.0,140.0,5.176023960114286,138,Classic Pursuit
8.0,149.0,4.695008754728571,84,blue moment[TVsize ver.]
6.0,90.0,2.6010332107571426,57,My Everything
6.0,194.0,5.568736076357142,277,U.N. Owen wa Kanojo nanoka?
7.0,142.0,5.239493370057143,107,ILIAS
8.6,169.0,5.376698017121428,332,My Dearest
9.0,186.0,5.970979213714285,87,Soundscape
8.5,170.0,5.023776531221428,76,Who's Got Your Love
6.0,84.0,3.2717461586,301,Nandemo Nai ya (movie ver.)
8.899999999999999,190.0,6.078816890714286,89,Redo
6.5,135.0,3.367494583128571,126,Feels (Jai Wolf Remix)
9.0,181.0,5.741306304928571,91,Endless Starlight ~Inochi no Kirameki~ (OP ver.)
7.8,80.0,3.9157071113571424,245,Light of Nibel (feat. Aeralie Brighton)
4.0,100.0,1.662167668342857,60,"Ori, Lost In the Storm (feat. Aeralie Brighton)"
8.0,90.0,4.403746128085714,243,Pipo Password
8.2,160.0,6.7103438377357145,111,AXION
7.5,154.0,4.148283004764285,31,MeniMeni ManiMani (TV Version)
8.799999999999999,195.0,6.551077842714285,172,Smash Out!!
8.5,170.0,5.353936672207142,321,On My Way
8.399999999999999,100.0,5.398417472842858,202,FIRE
8.0,170.0,4.5655875206,224,LOVE iLLUSiON (Megumi Solo Ver.)
6.0,50.0,2.627519130707143,84,Teemo I Love You
8.0,103.0,5.454427242278571,309,i BELIEVE~Hoshi ni Negai o
8.0,165.0,4.9378614425642855,305,Star Breaker
7.0,78.0,3.104701280592857,86,scaPEGoat(TV size)
8.0,188.0,4.5491809844999995,113,Hitomi no Naka no Sirius
7.199999999999999,130.0,3.570778608321428,305,Sekai wa Koi ni Ochiteiru
8.799999999999999,178.0,5.63916015625,103,Arcadia (Short ver.)
8.2,184.0,5.0588350296,97,Natsukoi
8.2,160.0,5.250910282135714,238,Hatenaki Kaze no Kiseki sae
8.5,188.0,5.693662643435714,88,Absolute Soul
8.0,116.0,4.764291286471428,84,Hikari no Hahen
8.0,193.0,5.697449207307142,301,Wonder Stella
9.5,114.0,7.007625579835714,103,Overtime
9.0,186.0,6.097450733185713,86,Grimm
8.0,144.0,4.2965950965857145,101,Koi Kou Enishi
8.0,134.0,3.3654167652142855,85,Startear -TV size ver.-
8.399999999999999,180.0,6.4315853118928565,114,LOUDER MACHINE
9.0,185.0,6.123402118685714,163,Asu no Yozora Shoukaihan
9.700000000000001,190.0,6.812239646914286,123,Evanescent
8.0,110.0,5.1328663826,194,Ginga Tetsudou no Penguin ft. nicamoq (Stripe.P Remix)
8.5,200.0,5.512285232542857,42,220 - Kumano
8.0,128.0,3.9308226108571427,130,"Giniro, Haruka"
9.200000000000001,189.0,6.046816349028571,96,Hanikamu Kimi ni Koi Suru Watashi
9.0,184.0,5.630445003507143,87,The Glory Days
8.2,177.0,4.853591918942857,84,On my Sheep -TV size-
8.399999999999999,168.0,4.991864204407143,86,Kesaran Pasaran TV size
9.5,230.0,7.148535251642857,113,Yuudachi no Ribbon
7.0,127.0,2.7451393604285714,203,Star Guitar
8.0,135.0,5.152742862699999,212,Senkyou Ranbu
7.5,147.0,3.9991006851214284,97,Dareka ga Wasurete Iru kamo Shirenai Bokura ni Daiji na 001 no Koto (D.A mix)
9.0,174.0,5.224058628085714,155,Virtual Paradise
8.0,226.0,5.925815582278571,90,Kokoro ga Odoru Herb Tea yoo
9.0,180.0,6.0021071434,78,MERRY MERRY MERRY MENU... Ne!
9.0,200.0,6.223762035371427,222,Kakushigoto
8.399999999999999,113.0,4.687069892885714,112,Trancing Pulse
6.0,113.685,3.013217687607143,172,Fools Gold
8.6,183.0,5.7289352417,294,No buts!
8.5,200.0,5.724575519564286,214,Sora ni Watashi no Sunshine
8.0,140.0,3.174812793728571,110,Uncanny Lake
9.0,182.0,5.855375766757143,107,Kimi to Yumemishi
8.5,192.0,5.351070880892857,105,Through My Blood
9.0,200.0,6.773262500764285,87,Can Do (TV Size)
8.299999999999999,184.0,5.386432170871429,88,Honey Come!! (TV size)
7.3,134.0,3.630256175992857,59,Clifford's Theme Song
7.5,147.4,4.151307106021428,268,This game
8.5,200.0,5.497535705564285,87,S.M.L* (TV size ver.)
8.0,88.0,4.617719173428571,89,Hoshi to Kimi ga Kieta Hi
8.5,170.0,5.168537616728571,328,Masshiro na Yuki
8.0,129.0,3.272164344785714,86,Beggin'
8.0,175.0,5.0513086319,202,Okochama Sensou
8.5,190.0,5.3249869346642855,183,Platonic Love
7.0,140.0,3.6137223243714285,83,Anemone -TV MIX-
9.0,210.0,6.3733921051,242,Ai o Chikaishi Hime Kazari
8.0,119.5,5.135082721707143,60,Isekai Ivalice
8.0,128.0,4.632184505464285,216,Give me a break Stop now
8.0,130.0,4.263305187228571,281,Your song*
8.299999999999999,185.0,5.658875465392857,96,Soutaisei VISION
8.0,220.0,5.801626682278571,104,Hakone Hakoiri Musume
8.0,168.0,4.326308250428571,93,Windia
8.1,184.0,5.268470287321429,83,Pulse
8.0,154.0,4.954486846921428,217,DOPE
10.0,178.0,9.15611648557143,350,The Promethean Kings
8.5,88.0,4.933722972871428,207,Roseo Neige
7.0,148.0,4.31086063385,299,Osanana Blue
8.5,130.0,4.829402923585714,196,Russian Roulette
5.5,115.0,2.843304634092857,50,Yoru no Kodomo tachi
8.2,182.0,5.151472091671429,185,Kimi no Kokoro wa Kagayaiteru kai?
7.5,130.0,4.316570758821428,108,Wonder zone(TV Size)
9.0,88.0,5.5354590415928575,339,Take no Hana
8.0,166.0,5.298887729642857,238,Killer Song
7.5,86.0,4.609119892121428,88,ninelie (TV size)
8.0,192.0,5.609519481657142,177,Invisible
9.0,180.0,5.818421363828572,118,Tsukinami
8.0,173.0,5.152824878692857,112,LOVE B.B.B
7.5,118.0,3.4153485298142856,190,still doll
8.0,150.0,4.50650930405,87,Kamiiro Awase
6.6,124.0,2.5571534633642856,37,Your Best Friend
8.0,153.0,4.1543951034571425,87,Honey Honey Honey(TV size)
9.0,180.0,5.504443168642857,272,Flashes (Extended)
9.0,190.0,6.172076225278571,89,Rising Hope -TV ver.-
8.5,205.0,5.784250259399999,85,Zetsubousei: Hero Chiryouyaku The Animation
9.1,172.0,5.162031173707143,403,true outsiders
8.399999999999999,145.0,4.6112742424,294,Stigmata
8.399999999999999,179.0,5.261795997621428,89,tiny lamp (TV-size)
8.0,185.0,5.259456634521428,117,Koigokoro to Beat!
6.0,123.87,2.8041403293642855,94,What Is Love
9.0,176.0,6.147363662721428,184,Yume Chizu
6.0,95.0,2.4087545871714284,163,Company
8.5,100.0,5.452782630921428,87,"Sore ga, Ai deshou"
9.0,182.0,7.403960704785714,203,quaver
8.0,268.0,5.247653961178571,89,GO!!! ~NARUTO OPENING MIX~
8.2,160.0,5.004964828492857,306,Aitakatta Sora
4.0,112.0,2.021123647692857,35,Kac (TV Size)
7.0,132.0,3.687515974042857,628,Songs Compilation
6.3999999999999995,79.0,2.932132005692857,61,VAPE NATION Remix
8.5,156.0,5.099654197692857,365,cherry blossoms explode across the dying horizon
6.0,102.0,2.6961548328428573,99,Kotoba ni Dekinai Omoi
6.5,129.0,3.6401014328,69,Hitomi no Naka no Meikyuu (tv size)
8.0,89.0,4.52448654175,116,Kimi no Kakera
8.7,110.0,5.303100585935714,199,Senjou no Aria
6.0,114.79,2.54758524895,217,Out Of Touch
8.0,179.0,5.786448001864285,304,Bassdrop Freaks (Long Ver.)
7.5,168.0,4.277277469635714,85,Real Force (TV size)
9.0,204.0,6.0815176963785715,197,Black Rail
8.0,150.0,5.0236244201642855,314,Hyouri Ittai
9.5,208.0,6.732311725614285,86,Belief
8.5,200.0,5.476154804228571,39,press start
7.0,115.0,3.193194389342857,113,Spica
9.299999999999999,200.0,7.002154827121428,556,Soldiers of the Wasteland
8.5,83.5,5.261883735657143,190,The Diary of Jane
8.5,185.0,6.207152366635714,171,Play Time!!
8.7,180.96,5.066821098328571,42,Granat
8.0,127.0,4.177519321442857,301,Who Killed U.N.Owen
8.6,130.0,5.6405339241,106,Me and Julio Down by the Schoolyard
9.0,205.0,6.4156665802,114,LegenD.
8.0,161.0,4.937384128571428,87,Love is MY RAIL
6.0,141.0,2.586502313614286,31,seal the 3rd.mp4
8.6,130.0,5.656553745271428,1172,Wagner Reloaded
8.0,165.0,4.86661195755,88,SAKURA Skip
8.5,180.0,5.8036055564857145,125,VOLTEXES III
8.0,175.0,5.0227546691928575,329,Draining Atlantic
9.0,200.0,6.300940513614286,88,Aozora Jumping Heart
8.0,174.0,4.863689899442857,158,EOS
8.2,167.0,5.251494884492857,253,Skyclad no Kansokusha
7.5,70.0,3.992676258085714,312,words
8.0,160.0,5.579934597014286,204,Usotsuki Betty
8.5,200.0,5.759363651278571,95,Tsuki Akari
9.0,180.0,6.1039557456999995,42,Yuima-ru*World TVver.
7.199999999999999,122.0,3.76055288315,115,Kokoro ni Hibiku Koi Hotaru
9.0,168.0,6.236815929414285,348,Sanae-san
8.299999999999999,174.0,4.6691322326642855,89,Mad World (Station Earth Remix)
7.199999999999999,128.0,4.08747673035,46,Yalta
6.6,135.0,3.7912306785571426,97,Maple Wind
7.0,90.0,2.692425727842857,184,Faded
6.5,128.0,4.496588706971428,85,You & Me
2.0,150.0,0.9943712353714286,329,"Hiiro Gekka, Kyoushou no Zetsu -1st Anniversary Remix-"
7.0,108.0,3.3062956333142854,54,Mononofu Oukoku
8.2,148.0,3.6430516243,79,Kanashimi no Mukougawa (Piano Version)
8.5,174.0,5.135800838471428,111,Neon Rainbow (ft. Anna Yvette)
7.5,160.0,4.9178614616428575,352,Escape (Faraway Skies Remix)
8.5,192.0,5.957563877107143,104,Night sky
8.399999999999999,170.0,5.320485115049999,74,Attakain Dakara
8.6,177.0,6.138726234435714,305,Symphony of the Night
8.0,152.0,4.361168861385714,90,Colorful Minutes
8.0,172.0,4.667480945585715,228,Smile Spiral
8.7,177.0,5.948375701907143,226,Kimi ni Pierrot
7.0,120.613,3.071204900742857,169,Sara perche ti amo
5.0,174.0,3.3292744159714283,39,Lucky Me Song - Feat. Courtney Fortune
8.0,165.0,5.123775959014285,217,TWEEKER
8.0,180.0,4.5572485923785715,87,Yumeiro Parade
7.1,79.0,3.7197849750499996,257,A Little Happiness
9.0,170.0,5.913626670835714,308,Ripples (DJ Noriken Remix)
9.0,175.0,6.2227759361285715,423,Duel Alternatives
9.0,185.0,5.5696821212785705,114,Battle! Wild Pokemon (Dubstep Remix)
8.5,110.0,4.110867977142857,313,Kimi no Uta
9.0,182.0,5.553287029264285,87,Hoshitachi no Melody
7.0,130.0,3.8714313507071427,194,Telling The World
8.299999999999999,156.0,4.710234165192857,409,cherry blossoms explode across the dying horizon
7.8,71.0,4.102881908414285,95,calling
9.5,110.0,6.401140689849999,301,The World's End
7.5,170.084,4.3994684219357145,70,Ruo Dang Lai Shi
8.2,195.5,5.879892826078571,103,little secret magic
8.6,165.0,5.2587709426857145,154,Go Away
7.0,85.0,3.1599171161642854,152,Nikto krome ty (Letnyaya pesnya)
6.5,133.25,2.8892982006071426,38,Irai Clear!
8.5,207.0,5.37865924835,86,"""Tenohira"""
8.0,136.0,4.0848326683071425,112,Love10 feat. Juunana
8.0,128.0,5.532437324521428,302,Magic
8.5,296.0,5.543951988221429,236,Dance Number o Tomo ni
8.5,183.0,5.6360297203071426,235,Honjitsu wa Makoto ni Rarirurein
4.0,110.0,2.500084638592857,88,The Spirit Tree (feat. Aeralie Brighton)
7.3,164.0,3.818893432614286,41,In the Flame
5.0,91.0,2.0074231624571426,59,Lost Imagination
8.5,185.0,5.7185487747214285,94,Merry Merry Go Round
7.0,130.0,3.5645949840571425,208,Kokoro no Inryoku
5.0,114.0,2.760466814042857,135,Sandbox
7.0,129.0,3.813143968585714,84,Dear My Friend -Mada Minu Mirai e- (TV size)
8.0,90.0,4.992988109585713,235,Orange
8.0,100.0,5.107757091521428,214,Flower Dance
8.0,165.0,5.097581863399999,224,SAKURA Skip
9.0,174.0,5.7626342773428565,124,No More
7.0,135.0,3.8821094036071426,87,Shanranran feat.96neko -TV Edit Ver.-
6.0,119.6,2.3762533664714285,72,SASAGEMONO
7.0,90.0,3.4201788902285712,107,His Theme
6.0,50.0,1.6597132682785714,39,Love
5.0,111.0,2.668543577192857,54,Mayoi no Mori wa Mayoimasu
8.0,140.0,5.055594921114285,302,Three Magic (DiGiTAL WiNG TRANCE Remix)
6.0,100.0,2.5090301036857143,68,Glacier Theme
8.0,86.3704,5.502342700957143,1155,Liquicity Yearmix 2015
8.0,87.0,4.0807723999,81,Rainy veil
8.5,172.0,5.670132637021428,299,HAELEQUIN (Extended ver.)
9.0,93.0,6.474317073821428,359,March of War / Axe of Judgement
7.0,177.0,4.430030822757143,84,database feat.TAKUMA(10-FEET)
8.0,128.0,4.118838787078571,121,The Party We Have Never Seen
8.799999999999999,176.0,5.656780719757143,88,miele paradiso
8.0,169.2,4.902751445771429,86,Just 4 You (Nightcore Mix)
8.5,150.0,5.004138469692857,119,Get Happy
7.0,170.0,4.508893489835714,91,Ai no ZERO Kyori Shageki-loveshooooot!!!!! DUET ver.
8.5,174.0,5.135304450985714,307,Beastmode
9.0,188.0,5.452834606171429,102,Hachigatsu no Yoru
5.0,110.0,2.4652893543214285,307,Dorma
9.0,93.0,6.023564338685714,209,No oh oh
6.0,79.0,2.986443996428571,212,Devotion (feat. Kylie Minogue)
9.0,190.0,6.008169174192856,247,Redo
8.0,180.0,4.6275305748,110,Above the Clouds
8.7,171.0,5.980723857878571,31,gabe power
8.0,155.0,5.080000877378571,342,Kikoku Doukoku Jigokuraku
8.5,171.0,4.9087386131285715,68,Changing
8.0,140.0,3.9198815822571427,105,Traveler's tale
6.0,110.0,3.227781057357143,86,My Dear
8.0,177.0,5.028121471407142,188,Zora
8.5,200.0,6.880515098571427,347,Guilty All The Same (feat. Rakim)
8.0,135.0,5.6187663078285714,86,Do!
5.0,85.0,2.170227766035714,148,Himeboshi
9.0,172.0,5.495355129242856,87,Hanamaru Pippi wa Yoiko Dake (TV Version)
9.0,155.0,6.058374881742857,316,Deconstruction Star
8.0,86.0,6.220239162442857,80,Touhou Hisouten
9.0,190.0,5.86661195755,203,Yakimochi no Kotae -another story-
8.5,220.0,6.120656967164285,303,flower of wilderness
7.0,145.0,3.6455183029142852,103,Gorotsuki Town
8.0,174.0,5.705806255342857,320,</emotional>
5.0,87.0,2.2649791240714285,200,My Blood
8.0,180.0,5.637379646299999,206,Watashitachi Kinenbi
5.0,94.0,2.6714360713928573,88,Flower
6.5,146.0,2.7598528861999996,223,Yume no Daichi
8.6,150.0,5.554718494414285,257,KIMITOOKU
8.0,84.0,4.531600475314286,210,Go to Church (feat. Snoop Dogg & Lil Jon)
8.5,200.0,5.871263027192857,196,Makkuro Flandre S Shuuseiban
7.0,86.0,4.0266556739785715,65,JOAH
7.0,76.0,4.383498191835714,227,Kira Kira Serenade
7.0,81.0,3.858727693557143,72,Saikou no Kataomoi (On Air Ver.)
6.0,120.0,2.301425933835714,113,Beautiful Mask
7.699999999999999,70.0,3.6353592872642855,89,Stay Alive
8.0,156.0,4.352430820464285,80,Neko to Switch
8.5,170.0,4.957629680635714,326,skyshifter vip
6.5,110.0,2.372321605685714,88,Raining Morning
9.0,126.0,7.134194374085713,302,Swamphell
7.0,145.0,4.296478748321428,87,Ring of Fortune
7.0,125.0,3.296926259992857,177,One Last Time
7.0,168.0,4.004327297207142,82,Munou (TV edit)
7.5,124.0,3.7996029853785713,68,Nevada (feat. Cozi Zuehlsdorff)
7.0,120.0,3.804596900942857,70,The Silent Ones
8.399999999999999,170.0,5.275563240049999,294,Everchanging
7.5,180.0,4.591197013857142,103,Prima Stella
8.299999999999999,172.0,5.5126476287857145,298,HAELEQUIN (Extended ver.)
8.6,136.0,5.325843334199999,297,"A Better Place, A Better Time"
7.5,80.0,3.638509988785714,104,"Kuon Towa, Anata to"
6.0,115.0,2.6826939582857143,225,Shooting Star (Acoustic)
8.0,160.0,4.097985744478571,95,Tsuki ni Murakumo Hana ni Kaze (PV ver.)
8.0,174.0,5.69954538345,116,Viden
7.5,52.0,3.123305320742857,102,Syrup
8.0,176.0,4.616290092471428,243,Kotoba Tsunagi
9.0,203.0,6.335670471192857,302,Enantiomorphs
8.0,170.0,5.550663948057143,311,Exit This Earth's Atomosphere
7.0,124.0,3.38337779045,203,No Pantalones
8.5,175.0,5.918180942535714,124,Shinsaku no Shiawase wa Kochira!
7.8,150.0,4.6030817031857145,190,Bang Bang
8.2,172.0,5.375351905821428,350,Torikago
7.0,165.0,3.960076332092857,82,Shining Sky
8.0,161.0,4.815808296207142,248,Ikenai Borderline
9.0,175.0,5.551002502442857,175,Euclid
8.0,174.0,4.574597358707142,89,We Love
8.0,150.0,3.61802482605,87,Kamiiro Awase
8.0,174.0,5.393389701842857,87,Haru Modoki
8.1,160.0,4.678716659542857,304,Koi
8.0,128.0,4.283793926235714,31,Let Me Hit It
7.0,159.0,4.604270935057143,87,Yume Kataru yori Yume Utaou
8.799999999999999,193.0,6.022912502285714,291,Wonder Stella
8.5,178.0,5.2912101745571425,303,Back to Marie
10.0,195.0,7.421618461642856,88,Inferno
8.5,187.5,6.065371513364285,265,Kyoumei no True Force
9.0,210.0,6.882180213928572,138,Paraclete
7.5,160.0,4.245374679564286,88,Hikaru nara -TV size-
8.0,140.0,3.9978828430142856,76,Un-Gravitify
8.0,160.0,4.930599689485714,200,M flat
8.5,224.0,6.348551750185714,223,Mentai Cosmic
9.0,180.0,5.444329261778571,92,Sweets Weekend
8.0,160.0,4.456480503085714,81,DAYS of DASH
8.0,158.0,4.739530086514286,88,PUNCH*MIND*HAPPINESS
